Date,WTI,Brent,Gasoline,Diesel,JetFuel,Crack321
2010-01-04,81.52,79.05,2.096,2.187,2.165,7.786000000000001
2010-01-05,81.74,79.27,2.114,2.181,2.165,7.986000000000004
2010-01-06,83.12,80.14,2.13,2.206,2.173,7.403999999999996
2010-01-07,82.6,80.57,2.126,2.178,2.156,7.420000000000002
2010-01-08,82.74,80.06,2.155,2.199,2.19,8.385999999999996
2010-01-11,82.54,80.14,2.134,2.171,2.156,7.6059999999999945
2010-01-12,80.79,79.38,2.089,2.115,2.116,7.312000000000012
2010-01-13,79.66,77.57,2.055,2.092,2.082,7.168000000000021
2010-01-14,79.35,77.61,2.07,2.071,2.076,7.604000000000013
2010-01-15,77.96,76.85,2.048,2.042,2.049,7.972000000000008
2010-01-19,78.98,75.18,2.065,2.038,2.044,7.371999999999986
2010-01-20,77.42,75.09,2.034,2.014,2.006,7.727999999999994
2010-01-21,75.84,74.13,1.983,1.988,1.988,7.515999999999991
2010-01-22,74.25,72.73,1.96,1.937,1.94,7.7479999999999905
2010-01-25,74.9,72.18,1.997,1.982,1.965,8.763999999999996
2010-01-26,74.67,72.63,1.967,1.973,1.964,8.027999999999992
2010-01-27,73.64,72.75,1.942,1.956,1.923,8.11999999999999
2010-01-28,73.62,70.65,1.911,1.963,1.928,7.36999999999999
2010-01-29,72.85,71.2,1.894,1.953,1.91,7.524000000000015
2010-02-01,74.41,71.58,2.048,2.002,1.954,10.962000000000003
2010-02-02,77.21,73.94,2.008,2.07,2.021,7.994
2010-02-03,76.96,75.77,2.027,2.053,2.008,8.538000000000011
2010-02-04,73.13,71.3,1.935,1.96,1.915,8.489999999999995
2010-02-08,71.87,69.62,1.877,1.929,1.87,7.691999999999993
2010-02-09,73.71,70.4,1.921,1.982,1.954,7.826000000000008
2010-02-10,74.48,70.4,1.914,1.99,1.945,6.971999999999994
2010-02-11,75.23,72.35,1.916,2.001,1.956,6.431999999999988
2010-02-12,74.11,71.49,1.915,1.967,1.922,7.048000000000002
2010-02-16,76.98,74.82,1.98,2.039,1.986,7.006
2010-02-17,77.27,74.89,1.994,2.053,2.008,7.304000000000002
2010-02-18,78.97,76.61,2.062,2.095,2.054,8.09599999999999
2010-02-19,79.77,76.88,2.087,2.123,2.076,8.38800000000002
2010-02-22,80.04,76.95,2.108,2.123,2.073,8.705999999999989
2010-02-23,78.61,76.44,2.06,2.088,2.049,8.301999999999992
2010-02-24,79.75,77.0,2.095,2.107,2.057,8.408000000000015
2010-02-25,77.99,74.38,1.952,2.059,2.014,5.492000000000004
2010-02-26,79.72,76.36,1.995,2.097,2.055,5.498000000000005
2010-03-01,78.71,76.07,2.066,2.099,2.056,8.524000000000001
2010-03-02,79.62,77.5,2.099,2.117,2.077,8.790000000000006
2010-03-03,80.91,78.66,2.145,2.165,2.115,9.460000000000008
2010-03-04,80.21,77.88,2.14,2.144,2.091,9.725999999999999
2010-03-05,81.5,79.2,2.184,2.172,2.116,10.060000000000002
2010-03-08,81.85,78.94,2.168,2.166,2.111,9.178000000000011
2010-03-09,81.5,78.77,2.149,2.154,2.097,8.827999999999989
2010-03-10,82.07,80.29,2.168,2.17,2.123,9.01400000000001
2010-03-11,82.1,79.44,2.166,2.169,2.125,8.914000000000001
2010-03-12,81.26,79.38,2.12,2.142,2.105,8.087999999999994
2010-03-15,79.79,77.08,2.083,2.104,2.064,7.990000000000009
2010-03-16,81.75,79.45,2.165,2.169,2.121,9.236000000000004
2010-03-17,82.93,80.28,2.19,2.196,2.134,9.134
2010-03-18,82.16,80.09,2.171,2.187,2.114,9.245999999999995
2010-03-19,80.58,78.37,2.143,2.154,2.086,9.579999999999984
2010-03-22,81.26,78.09,2.146,2.159,2.091,9.054000000000002
2010-03-23,81.68,79.17,2.15,2.17,2.107,8.899999999999991
2010-03-24,80.29,78.03,2.108,2.133,2.075,8.596000000000004
2010-03-25,80.25,78.64,2.106,2.136,2.089,8.622
2010-03-26,79.75,77.98,2.079,2.145,2.109,8.492000000000004
2010-03-29,81.92,79.89,2.137,2.19,2.147,8.575999999999993
2010-03-30,82.14,79.46,2.148,2.2,2.152,8.804000000000002
2010-03-31,83.45,80.37,2.199,2.228,2.188,9.313999999999993
2010-04-01,84.53,82.63,2.28,2.281,2.239,11.244
2010-04-05,86.36,84.48,2.304,2.325,2.29,10.701999999999998
2010-04-06,86.54,85.05,2.265,2.317,2.279,9.317999999999998
2010-04-07,85.64,84.49,2.223,2.287,2.252,8.622
2010-04-08,85.17,82.63,2.206,2.281,2.249,8.531999999999996
2010-04-09,84.6,82.77,2.195,2.269,2.244,8.626000000000005
2010-04-12,84.07,85.21,2.199,2.26,2.233,9.141999999999996
2010-04-13,83.8,83.44,2.204,2.251,2.223,9.426000000000002
2010-04-14,85.62,85.81,2.235,2.286,2.246,8.963999999999984
2010-04-15,85.25,86.9,2.229,2.302,2.26,9.39
2010-04-16,82.97,84.81,2.16,2.266,2.224,9.233999999999995
2010-04-19,81.52,83.09,2.143,2.205,2.163,9.353999999999985
2010-04-20,82.98,84.73,2.176,2.233,2.183,9.210000000000008
2010-04-21,82.78,84.55,2.19,2.261,2.204,10.194000000000003
2010-04-22,82.89,84.58,2.205,2.275,2.219,10.699999999999989
2010-04-23,84.34,86.09,2.263,2.328,2.264,11.616
2010-04-26,84.2,86.72,2.25,2.306,2.236,11.083999999999989
2010-04-27,82.43,85.59,2.225,2.281,2.216,11.803999999999988
2010-04-28,83.22,84.59,2.244,2.284,2.257,11.587999999999994
2010-04-29,85.17,86.82,2.272,2.318,2.292,10.897999999999996
2010-04-30,86.07,86.19,2.313,2.347,2.324,11.552000000000007
2010-05-03,86.19,88.09,2.339,2.429,2.348,13.307999999999993
2010-05-04,82.73,85.39,2.223,2.348,2.262,12.385999999999996
2010-05-05,80.0,82.31,2.12,2.247,2.185,10.817999999999998
2010-05-06,77.18,80.21,2.056,2.178,2.108,10.879999999999995
2010-05-07,75.1,76.48,2.037,2.183,2.085,12.498000000000005
2010-05-10,76.89,78.08,2.099,2.217,2.124,12.920000000000016
2010-05-11,76.37,79.0,2.107,2.232,2.125,13.87400000000001
2010-05-12,75.65,78.7,2.135,2.26,2.168,15.769999999999996
2010-05-13,74.38,79.41,2.104,2.224,2.136,15.668000000000006
2010-05-14,71.61,76.43,2.05,2.159,2.079,16.01599999999999
2010-05-17,70.08,73.87,1.974,2.086,2.007,14.396
2010-05-18,69.38,75.12,1.957,2.044,1.974,14.031999999999996
2010-05-19,69.91,71.86,1.937,2.029,1.961,12.732
2010-05-20,68.28,69.56,1.859,1.974,1.909,11.408000000000001
2010-05-21,68.03,70.45,1.879,1.979,1.922,12.287999999999997
2010-05-24,68.23,69.62,1.872,1.98,1.93,11.906000000000006
2010-05-25,64.78,67.18,1.858,1.965,1.915,14.754000000000005
2010-05-26,71.52,70.59,1.865,2.002,1.942,8.727999999999994
2010-05-27,74.56,73.56,1.95,2.086,2.037,9.243999999999986
2010-05-28,74.0,73.0,1.956,2.094,2.039,10.084000000000003
2010-06-01,72.7,73.08,1.899,2.05,1.99,9.171999999999997
2010-06-02,72.88,72.78,1.959,2.098,2.036,11.344000000000008
2010-06-03,74.62,73.12,2.001,2.11,2.058,10.947999999999993
2010-06-04,71.43,71.84,1.921,2.027,1.98,10.73599999999999
2010-06-07,71.55,71.09,1.921,2.041,1.978,10.812000000000012
2010-06-08,71.88,71.43,1.932,2.039,1.981,10.762
2010-06-09,74.38,73.68,1.969,2.075,2.02,9.802000000000007
2010-06-10,75.48,74.33,2.021,2.11,2.06,10.647999999999982
2010-06-11,73.89,73.28,2.001,2.089,2.036,11.384
2010-06-14,74.99,75.11,2.017,2.089,2.029,10.732
2010-06-15,76.84,75.29,2.067,2.133,2.08,10.897999999999996
2010-06-16,77.67,76.12,2.1,2.167,2.124,11.46799999999999
2010-06-17,76.82,77.52,2.111,2.202,2.152,13.116
2010-06-18,77.18,77.05,2.104,2.192,2.146,12.420000000000002
2010-06-21,77.84,78.53,2.085,2.196,2.141,11.284000000000006
2010-06-22,77.15,78.08,2.079,2.163,2.111,11.344000000000008
2010-06-23,75.9,75.22,2.007,2.105,2.057,9.766000000000005
2010-06-24,75.96,75.17,2.01,2.101,2.043,9.734000000000009
2010-06-25,78.45,76.21,2.087,2.155,2.128,10.155999999999992
2010-06-28,78.26,76.66,2.051,2.135,2.105,9.057999999999993
2010-06-29,75.93,74.21,1.979,2.054,2.019,8.238
2010-06-30,75.59,74.94,1.996,2.048,1.993,8.969999999999999
2010-07-01,72.95,71.73,1.914,1.97,1.917,8.22199999999998
2010-07-02,72.06,71.75,1.907,1.955,1.905,8.706000000000003
2010-07-06,71.96,73.08,1.902,1.963,1.913,8.778000000000006
2010-07-07,74.05,72.97,1.975,2.05,1.978,9.950000000000003
2010-07-08,75.46,74.56,1.995,2.076,2.029,9.464000000000013
2010-07-09,76.08,75.2,2.008,2.099,2.051,9.530000000000015
2010-07-12,74.93,74.35,1.964,2.051,2.004,8.775999999999996
2010-07-13,77.16,76.45,2.015,2.112,2.062,8.828000000000017
2010-07-14,77.02,76.63,1.993,2.094,2.044,8.100000000000009
2010-07-15,76.67,75.52,1.997,2.085,2.037,8.436000000000007
2010-07-16,75.96,75.55,1.972,2.068,2.025,8.208000000000013
2010-07-19,76.53,76.29,1.989,2.081,2.029,8.296000000000006
2010-07-20,77.32,76.31,2.015,2.089,2.044,8.346000000000018
2010-07-21,76.27,75.75,1.996,2.051,2.009,8.331999999999994
2010-07-22,79.01,77.59,2.07,2.113,2.07,8.531999999999982
2010-07-23,78.68,77.27,2.054,2.108,2.075,8.343999999999994
2010-07-26,78.93,77.9,2.042,2.099,2.066,7.632000000000005
2010-07-27,77.46,75.52,1.993,2.052,2.019,7.072000000000003
2010-07-28,77.06,76.66,1.995,2.05,2.0,7.5
2010-07-29,78.3,78.6,2.029,2.091,2.041,7.786000000000001
2010-07-30,78.85,77.5,2.061,2.138,2.093,8.789999999999992
2010-08-02,81.25,81.93,2.117,2.21,2.155,8.966000000000008
2010-08-03,82.52,83.6,2.131,2.245,2.19,8.578000000000003
2010-08-04,82.49,83.76,2.103,2.241,2.194,7.768000000000001
2010-08-05,82.0,82.9,2.091,2.242,2.184,7.935999999999993
2010-08-06,80.67,81.28,2.048,2.209,2.166,7.599999999999994
2010-08-09,81.46,81.54,2.051,2.209,2.164,6.8940000000000055
2010-08-10,80.24,79.89,2.014,2.213,2.141,7.133999999999986
2010-08-11,78.09,77.83,1.917,2.147,2.083,5.643999999999991
2010-08-12,75.68,76.63,1.887,2.067,2.027,6.093999999999994
2010-08-13,75.39,75.14,1.877,2.069,2.042,6.132000000000005
2010-08-16,75.17,74.56,1.856,2.053,2.025,5.539999999999992
2010-08-17,75.76,76.74,1.894,2.084,2.059,6.4480000000000075
2010-08-18,75.39,75.1,1.897,2.085,2.075,6.915999999999997
2010-08-19,74.45,74.84,1.876,2.077,2.057,7.155999999999992
2010-08-20,73.45,73.48,1.885,2.052,2.037,8.057999999999993
2010-08-23,72.71,73.08,1.83,2.031,2.006,6.963999999999999
2010-08-24,71.24,70.61,1.809,2.013,1.982,7.593999999999994
2010-08-25,72.07,70.74,1.842,2.056,2.024,8.290000000000006
2010-08-26,73.36,74.5,1.873,2.083,2.054,8.245999999999995
2010-08-27,75.17,75.16,1.943,2.139,2.098,9.180000000000007
2010-08-30,74.69,76.05,1.915,2.108,2.059,8.442000000000007
2010-08-31,71.93,75.51,1.896,2.063,2.01,10.039999999999978
2010-09-01,73.97,75.53,1.911,2.125,2.053,9.287999999999997
2010-09-02,74.99,74.93,1.935,2.136,2.066,9.094000000000008
2010-09-03,74.52,75.03,1.938,2.132,2.064,9.592000000000013
2010-09-07,73.98,75.78,1.948,2.131,2.066,10.397999999999996
2010-09-08,74.65,77.48,1.96,2.149,2.084,10.315999999999988
2010-09-09,74.25,77.87,1.95,2.124,2.076,10.085999999999999
2010-09-10,76.4,77.54,2.014,2.179,2.127,10.497999999999976
2010-09-13,77.17,78.52,2.016,2.192,2.129,9.966000000000008
2010-09-14,76.78,78.89,2.006,2.188,2.131,10.019999999999996
2010-09-15,75.92,78.46,1.98,2.186,2.126,10.123999999999995
2010-09-16,74.58,78.89,1.946,2.154,2.089,10.063999999999993
2010-09-17,73.63,77.43,1.941,2.158,2.098,10.930000000000007
2010-09-20,74.81,79.42,1.97,2.198,2.135,11.122
2010-09-21,72.96,78.76,1.945,2.173,2.112,11.922000000000011
2010-09-22,72.98,77.29,1.925,2.162,2.099,11.188000000000002
2010-09-23,73.4,77.69,1.937,2.161,2.099,11.08999999999999
2010-09-24,74.63,78.73,1.98,2.187,2.13,11.427999999999997
2010-09-27,76.51,77.71,1.975,2.175,2.114,9.239999999999995
2010-09-28,76.15,79.14,1.978,2.177,2.136,9.712000000000003
2010-09-29,77.85,78.79,2.019,2.259,2.213,10.308000000000007
2010-09-30,79.95,80.77,2.076,2.329,2.239,10.783999999999992
2010-10-01,81.57,82.69,2.124,2.35,2.27,10.802000000000007
2010-10-04,81.43,83.42,2.157,2.344,2.266,11.781999999999982
2010-10-05,82.83,83.35,2.181,2.35,2.272,11.138000000000005
2010-10-06,83.21,85.01,2.218,2.358,2.28,11.906000000000006
2010-10-07,81.34,83.67,2.193,2.294,2.224,12.179999999999993
2010-10-08,82.66,83.88,2.218,2.329,2.267,12.049999999999997
2010-10-11,82.18,83.08,2.22,2.314,2.252,12.37599999999999
2010-10-12,81.67,82.99,2.188,2.301,2.234,11.808000000000007
2010-10-13,83.03,84.01,2.224,2.337,2.27,11.960000000000008
2010-10-14,82.71,83.55,2.205,2.326,2.269,11.594000000000023
2010-10-15,81.23,81.94,2.175,2.269,2.224,11.435999999999993
2010-10-18,83.06,82.3,2.223,2.31,2.258,11.524000000000001
2010-10-19,79.57,81.12,2.115,2.224,2.176,10.786000000000016
2010-10-20,81.93,81.68,2.152,2.284,2.236,10.302000000000007
2010-10-21,80.03,81.28,2.118,2.257,2.218,10.872
2010-10-22,81.15,80.75,2.122,2.3,2.264,10.46599999999998
2010-10-25,82.0,81.91,2.123,2.288,2.255,9.475999999999999
2010-10-26,82.6,82.62,2.105,2.286,2.25,8.344000000000008
2010-10-27,81.9,81.27,2.117,2.272,2.235,9.183999999999997
2010-10-28,82.2,82.97,2.125,2.273,2.236,9.122
2010-10-29,81.45,82.47,2.142,2.253,2.253,10.067999999999984
2010-11-01,82.94,84.06,2.127,2.326,2.286,9.180000000000007
2010-11-02,83.91,84.71,2.162,2.325,2.262,9.176000000000016
2010-11-03,84.45,85.33,2.165,2.362,2.302,9.238
2010-11-04,86.49,86.83,2.203,2.404,2.346,8.849999999999994
2010-11-05,86.85,87.05,2.214,2.416,2.366,8.965999999999994
2010-11-08,87.07,87.15,2.199,2.429,2.372,8.507999999999996
2010-11-09,87.04,87.93,2.213,2.445,2.393,9.153999999999996
2010-11-10,87.77,87.92,2.259,2.479,2.424,10.188000000000017
2010-11-11,87.77,88.08,2.259,2.479,2.419,10.188000000000017
2010-11-12,84.89,86.07,2.279,2.403,2.35,12.563999999999993
2010-11-15,84.88,85.49,2.31,2.401,2.348,13.413999999999987
2010-11-16,82.33,83.98,2.216,2.348,2.298,12.590000000000003
2010-11-17,80.43,83.36,2.287,2.289,2.242,15.651999999999987
2010-11-18,81.88,83.7,2.308,2.343,2.288,15.546000000000006
2010-11-19,81.65,83.17,2.313,2.32,2.257,15.59399999999998
2010-11-22,81.24,82.34,2.257,2.335,2.248,14.646000000000015
2010-11-23,80.79,82.37,2.211,2.313,2.253,13.5
2010-11-24,83.21,84.53,2.289,2.388,2.33,14.314000000000007
2010-11-26,83.87,84.78,2.277,2.377,2.346,13.163999999999987
2010-11-29,85.73,85.9,2.311,2.417,2.369,12.815999999999988
2010-11-30,84.12,86.02,2.271,2.358,2.291,12.479999999999976
2010-12-01,86.75,88.56,2.374,2.443,2.37,13.923999999999992
2010-12-02,87.98,89.37,2.416,2.488,2.418,14.5
2010-12-03,89.18,90.65,2.422,2.536,2.461,14.14
2010-12-06,89.33,91.25,2.364,2.482,2.439,11.61
2010-12-07,88.69,90.78,2.338,2.472,2.411,11.382000000000005
2010-12-08,88.3,89.74,2.327,2.468,2.418,11.408000000000015
2010-12-09,88.35,89.93,2.371,2.485,2.434,12.828000000000003
2010-12-10,87.81,89.54,2.347,2.467,2.415,12.444000000000003
2010-12-13,88.62,90.4,2.325,2.468,2.418,11.031999999999996
2010-12-14,88.33,90.63,2.31,2.488,2.43,11.182000000000002
2010-12-15,88.66,91.33,2.331,2.488,2.458,11.440000000000012
2010-12-16,87.71,91.09,2.33,2.484,2.462,12.306000000000012
2010-12-17,88.02,91.11,2.348,2.481,2.459,12.457999999999998
2010-12-20,88.68,91.31,2.414,2.489,2.442,13.757999999999996
2010-12-21,89.3,93.11,2.442,2.518,2.435,14.328000000000003
2010-12-22,89.83,93.55,2.468,2.543,2.495,14.876000000000019
2010-12-23,90.84,93.63,2.484,2.558,2.537,14.523999999999987
2010-12-27,90.99,93.08,2.457,2.523,2.496,13.128
2010-12-28,91.48,93.52,2.425,2.538,2.48,11.951999999999998
2010-12-29,91.13,93.52,2.41,2.536,2.501,11.854
2010-12-30,89.85,92.5,2.404,2.494,2.459,12.378
2010-12-31,91.38,93.23,2.455,2.553,2.528,13.102000000000018
2011-01-03,91.59,95.82,2.45,2.56,2.528,12.849999999999994
2011-01-04,89.39,93.52,2.414,2.519,2.487,13.468000000000004
2011-01-05,90.3,95.07,2.455,2.559,2.524,14.265999999999991
2011-01-06,88.37,94.95,2.456,2.529,2.512,15.803999999999988
2011-01-07,88.07,94.25,2.436,2.532,2.502,15.585999999999999
2011-01-10,89.24,95.05,2.464,2.607,2.57,16.250000000000014
2011-01-11,91.11,96.8,2.483,2.66,2.615,15.65400000000001
2011-01-12,91.85,97.86,2.465,2.658,2.625,14.38200000000002
2011-01-13,91.39,97.86,2.453,2.657,2.632,14.49199999999999
2011-01-14,91.53,97.86,2.504,2.675,2.663,16.03200000000001
2011-01-18,91.38,97.83,2.482,2.688,2.663,15.748000000000005
2011-01-19,90.85,98.42,2.484,2.686,2.668,16.30600000000001
2011-01-20,88.56,96.27,2.425,2.662,2.635,16.608000000000004
2011-01-21,88.22,96.84,2.465,2.684,2.669,18.376000000000005
2011-01-24,86.74,96.76,2.413,2.648,2.623,17.896000000000015
2011-01-25,85.08,96.76,2.348,2.635,2.618,17.554000000000002
2011-01-26,86.15,96.04,2.446,2.714,2.711,20.33399999999999
2011-01-27,84.45,96.48,2.394,2.687,2.69,20.19999999999999
2011-01-28,88.15,97.06,2.457,2.719,2.705,18.711999999999975
2011-01-31,90.99,98.97,2.467,2.76,2.742,16.726000000000013
2011-02-01,89.54,100.4,2.493,2.785,2.769,19.253999999999976
2011-02-02,89.78,101.3,2.481,2.814,2.804,19.08399999999999
2011-02-03,89.42,101.69,2.477,2.8,2.795,19.135999999999996
2011-02-04,87.87,99.43,2.413,2.753,2.758,18.23599999999999
2011-02-07,86.3,99.44,2.435,2.742,2.755,20.268
2011-02-08,85.85,99.25,2.48,2.772,2.79,22.397999999999996
2011-02-09,85.59,100.16,2.514,2.823,2.82,24.323999999999984
2011-02-10,85.44,100.74,2.469,2.787,2.787,22.709999999999994
2011-02-11,84.39,99.93,2.459,2.763,2.761,23.14399999999999
2011-02-14,83.66,103.12,2.487,2.802,2.823,25.203999999999994
2011-02-15,83.13,102.48,2.488,2.79,2.804,25.59400000000001
2011-02-16,83.8,102.78,2.52,2.843,2.835,26.562000000000012
2011-02-17,85.05,103.45,2.52,2.804,2.814,24.76599999999999
2011-02-18,85.03,102.2,2.54,2.802,2.806,25.317999999999998
2011-02-22,92.65,106.82,2.6,2.88,2.88,20.47
2011-02-23,96.04,109.77,2.724,3.003,3.005,22.274
2011-02-24,95.83,113.91,2.685,2.952,2.937,20.677999999999997
2011-02-25,96.52,111.47,2.916,3.037,3.006,27.646
2011-02-28,97.1,112.27,2.893,3.016,2.998,26.128
2011-03-01,99.63,113.34,2.843,3.117,3.147,23.61200000000001
2011-03-02,102.27,116.89,2.85,3.135,3.157,21.42
2011-03-03,101.92,114.42,2.846,3.124,3.147,21.50400000000002
2011-03-04,104.34,115.71,2.887,3.171,3.183,20.89
2011-03-07,105.37,116.58,2.839,3.131,3.126,17.955999999999975
2011-03-08,105.06,112.32,2.772,3.1,3.085,15.956000000000003
2011-03-09,104.39,115.19,2.866,3.163,3.127,20.140000000000015
2011-03-10,102.73,114.07,2.856,3.127,3.083,21.01599999999999
2011-03-11,101.14,114.07,2.828,3.101,3.079,21.458
2011-03-14,101.2,112.95,2.809,3.154,3.119,21.60799999999999
2011-03-15,97.23,111.11,2.638,3.046,3.026,19.27799999999999
2011-03-16,97.99,110.96,2.676,3.087,3.067,20.156000000000006
2011-03-17,101.47,114.18,2.768,3.164,3.154,20.33
2011-03-18,101.06,114.13,2.778,3.127,3.122,20.50200000000001
2011-03-21,102.36,114.92,2.811,3.14,3.13,20.308000000000007
2011-03-22,104.53,115.63,2.821,3.159,3.154,18.68400000000001
2011-03-23,105.21,115.65,2.834,3.137,3.137,18.060000000000002
2011-03-24,105.04,115.41,2.87,3.146,3.143,19.36399999999999
2011-03-25,104.89,115.45,2.894,3.141,3.16,20.116000000000014
2011-03-28,104.89,115.95,2.867,3.107,3.127,18.884
2011-03-29,104.34,115.58,2.925,3.126,3.122,21.323999999999984
2011-03-30,103.8,115.35,2.961,3.116,3.119,22.732
2011-03-31,106.19,116.94,3.027,3.186,3.161,23.170000000000016
2011-04-01,107.55,118.63,3.08,3.211,3.202,23.64399999999999
2011-04-04,108.14,120.07,3.082,3.233,3.228,23.417999999999992
2011-04-05,107.82,122.87,3.113,3.243,3.235,24.74600000000001
2011-04-06,108.38,123.01,3.107,3.266,3.251,24.340000000000003
2011-04-07,109.82,122.9,3.101,3.27,3.251,22.787999999999982
2011-04-08,109.82,126.3,3.184,3.383,3.375,26.694000000000017
2011-04-11,109.5,126.46,3.102,3.299,3.292,23.542
2011-04-12,109.5,121.33,3.077,3.231,3.201,21.890000000000015
2011-04-13,106.6,122.7,3.145,3.261,3.238,27.114000000000033
2011-04-14,106.6,122.74,3.145,3.261,3.241,27.114000000000033
2011-04-15,109.17,124.63,3.195,3.289,3.276,26.336
2011-04-18,106.7,121.69,3.161,3.249,3.236,27.293999999999997
2011-04-19,106.7,121.35,3.164,3.215,3.207,26.902
2011-04-20,106.7,124.26,3.203,3.28,3.272,28.903999999999982
2011-04-21,106.7,123.64,3.241,3.262,3.254,29.716000000000022
2011-04-25,111.68,123.64,3.252,3.249,3.257,24.861999999999995
2011-04-26,111.72,124.55,3.255,3.279,3.295,25.326000000000022
2011-04-27,112.31,124.94,3.33,3.311,3.332,27.28400000000002
2011-04-28,112.38,126.59,3.32,3.301,3.322,26.79400000000001
2011-05-02,113.03,126.64,3.23,3.308,3.351,23.72199999999998
2011-05-03,110.6,124.01,3.235,3.261,3.301,25.634000000000015
2011-05-04,110.6,121.55,3.223,3.205,3.237,24.51400000000001
2011-05-05,110.6,111.93,3.033,2.953,2.988,15.666000000000011
2011-05-06,110.6,113.69,3.073,2.933,2.998,16.506
2011-05-09,110.6,113.21,3.253,3.051,3.109,23.198000000000008
2011-05-10,103.39,117.82,3.306,3.084,3.146,32.354
2011-05-11,97.88,115.66,3.12,3.002,3.059,31.50800000000001
2011-05-12,97.88,112.87,3.033,2.992,3.04,28.932000000000002
2011-05-13,97.88,113.08,3.049,3.024,3.099,29.82799999999999
2011-05-16,97.88,113.72,2.885,2.945,3.02,24.129999999999995
2011-05-17,96.4,109.39,2.874,2.938,2.978,25.203999999999994
2011-05-18,99.52,112.54,2.862,2.96,3.023,22.05600000000001
2011-05-19,99.52,113.2,2.84,2.958,3.024,21.412000000000006
2011-05-20,99.52,111.25,2.862,2.978,3.058,22.30800000000002
2011-05-23,97.06,110.13,2.847,2.909,2.964,23.382000000000005
2011-05-24,97.06,112.52,2.908,2.964,3.026,25.86
2011-05-25,97.06,114.47,2.937,3.046,3.078,27.819999999999993
2011-05-26,97.06,115.06,2.968,3.047,3.065,28.701999999999998
2011-05-27,97.06,114.85,3.005,3.059,3.079,29.906000000000006
2011-05-31,102.7,117.18,2.955,3.114,3.134,23.635999999999996
2011-06-01,100.3,116.15,2.915,3.071,3.098,24.313999999999993
2011-06-02,100.3,114.3,2.904,3.11,3.12,24.551999999999992
2011-06-03,100.28,115.09,2.923,3.137,3.137,25.482
2011-06-06,100.28,115.4,2.875,3.089,3.082,23.465999999999994
2011-06-07,100.28,116.14,2.915,3.155,3.144,25.510000000000005
2011-06-08,100.77,118.43,2.881,3.166,3.154,24.22200000000001
2011-06-09,100.77,119.95,2.926,3.211,3.198,26.11200000000001
2011-06-10,99.3,118.71,2.899,3.175,3.163,26.322000000000003
2011-06-13,97.2,120.49,2.897,3.167,3.162,28.25399999999999
2011-06-14,97.2,120.35,2.948,3.198,3.198,30.115999999999985
2011-06-15,97.2,114.67,2.836,3.075,3.073,25.25800000000001
2011-06-16,97.2,114.69,2.832,3.079,3.083,25.201999999999998
2011-06-17,97.2,113.74,2.827,3.06,3.062,24.795999999999992
2011-06-20,97.2,112.21,2.789,3.001,2.996,22.90599999999999
2011-06-21,93.7,112.02,2.75,2.945,2.94,24.53
2011-06-22,93.7,113.59,2.815,3.019,3.004,27.38600000000001
2011-06-23,90.7,108.27,2.705,2.898,2.88,25.61200000000001
2011-06-24,90.7,104.79,2.637,2.846,2.831,22.980000000000004
2011-06-27,90.7,104.57,2.655,2.869,2.838,23.805999999999983
2011-06-28,92.9,107.57,2.721,2.9,2.88,23.888000000000005
2011-06-29,92.9,111.49,2.852,3.014,2.984,29.151999999999973
2011-07-06,92.9,113.55,2.923,3.068,3.02,31.896
2011-07-07,98.7,117.4,3.048,3.197,3.15,31.402
2011-07-08,96.2,117.4,3.027,3.194,3.137,33.272000000000006
2011-07-18,95.94,117.05,3.027,3.179,3.131,33.322
2011-07-19,97.49,118.18,3.043,3.194,3.156,32.42999999999999
2011-07-20,98.11,118.52,3.059,3.208,3.178,32.45399999999999
2011-07-21,98.96,118.25,3.018,3.198,3.168,30.31599999999999
2011-07-22,98.96,118.99,3.048,3.215,3.188,31.39400000000002
2011-07-25,98.97,118.27,3.045,3.186,3.164,30.894000000000005
2011-07-26,99.61,118.14,3.076,3.195,3.17,31.248000000000005
2011-07-27,97.4,117.99,3.067,3.176,3.153,32.94
2011-07-28,97.48,118.16,3.031,3.174,3.171,31.823999999999998
2011-07-29,95.68,115.93,3.02,3.167,3.161,33.21799999999999
2011-08-01,94.98,116.37,3.05,3.165,3.153,34.730000000000004
2011-08-02,93.78,116.02,2.986,3.149,3.137,33.914
2011-08-03,91.87,113.74,2.907,3.108,3.075,33.038
2011-08-04,86.75,110.22,2.712,2.967,2.954,30.724000000000004
2011-08-05,86.89,106.92,2.787,2.995,2.995,33.07600000000001
2011-08-08,81.27,103.06,2.68,2.868,2.863,33.92200000000001
2011-08-09,79.32,103.63,2.68,2.866,2.861,35.84400000000001
2011-08-10,83.05,103.84,2.741,2.895,2.89,34.22800000000001
2011-08-11,85.48,107.82,2.806,2.949,2.949,34.373999999999995
2011-08-12,85.19,108.17,2.799,2.961,2.961,34.63599999999998
2011-08-15,87.88,108.89,2.836,3.001,2.996,33.54199999999999
2011-08-16,86.65,109.69,2.826,3.001,3.006,34.492000000000004
2011-08-17,87.58,111.37,2.844,3.022,3.037,34.36
2011-08-18,82.38,108.36,2.725,2.93,2.935,34.94000000000001
2011-08-19,82.33,109.37,2.725,2.978,2.988,35.662000000000006
2011-08-22,84.42,108.83,2.772,2.967,2.977,34.733999999999995
2011-08-23,85.35,110.35,2.832,3.013,3.021,36.128
2011-08-24,84.99,111.91,2.862,3.001,3.018,37.160000000000025
2011-08-25,85.15,111.91,2.938,3.022,3.039,39.422
2011-08-26,85.37,112.29,2.91,3.042,3.059,38.69799999999999
2011-08-29,87.27,112.29,2.888,3.069,3.06,36.56
2011-08-30,88.9,115.59,2.973,3.117,3.109,37.981999999999985
2011-08-31,88.81,116.48,2.846,3.136,3.113,34.782000000000025
2011-09-01,88.93,116.43,2.888,3.11,3.088,35.47399999999999
2011-09-02,86.45,115.92,2.959,3.055,3.038,39.172
2011-09-06,85.99,113.29,2.938,3.071,3.043,39.268
2011-09-07,89.34,117.5,2.994,3.133,3.05,38.354
2011-09-08,89.05,117.99,2.959,3.085,3.018,36.99199999999999
2011-09-09,87.24,115.1,2.859,3.025,2.962,35.162000000000006
2011-09-12,88.19,114.75,2.817,2.988,2.938,32.518000000000015
2011-09-13,90.21,114.08,2.768,2.967,2.922,28.831999999999994
2011-09-14,88.91,113.1,2.752,2.96,2.937,29.585999999999984
2011-09-15,89.4,116.71,2.81,3.049,3.019,31.96599999999998
2011-09-16,87.96,116.26,2.824,3.032,3.002,33.55999999999999
2011-09-19,85.7,112.89,2.745,2.986,2.938,32.964
2011-09-20,86.92,114.39,2.758,2.991,2.946,32.178
2011-09-21,85.77,114.26,2.702,2.947,2.919,31.14399999999999
2011-09-22,80.29,109.21,2.596,2.903,2.853,33.03999999999999
2011-09-23,79.58,109.17,2.587,2.857,2.827,32.85400000000001
2011-09-26,79.97,107.9,2.59,2.864,2.86,32.646
2011-09-27,84.18,109.54,2.662,2.922,2.928,31.263999999999996
2011-09-28,80.94,108.52,2.608,2.874,2.877,32.31999999999999
2011-09-29,81.87,107.08,2.684,2.914,2.894,34.07800000000002
2011-09-30,78.93,105.42,2.633,2.857,2.844,34.79199999999999
2011-10-03,77.34,103.61,2.601,2.815,2.815,34.897999999999996
2011-10-04,75.4,101.84,2.632,2.838,2.838,38.02799999999999
2011-10-05,79.41,103.77,2.713,2.845,2.835,36.384
2011-10-06,82.32,104.38,2.815,2.923,2.916,37.42200000000001
2011-10-07,82.7,106.56,2.815,2.928,2.881,37.11200000000001
2011-10-10,85.14,109.49,2.853,2.978,2.911,36.43600000000001
2011-10-11,85.54,109.22,2.872,2.949,2.889,36.16199999999999
2011-10-12,85.3,112.44,2.872,2.959,2.917,36.542
2011-10-13,83.96,112.45,2.893,3.019,2.972,39.30999999999999
2011-10-14,86.8,114.33,2.923,3.115,3.056,38.65400000000001
2011-10-17,86.38,112.92,2.816,3.049,2.986,35.153999999999996
2011-10-18,88.34,112.08,2.816,3.07,3.01,33.487999999999985
2011-10-19,86.11,111.76,2.755,3.022,2.982,33.337999999999994
2011-10-20,86.07,109.0,2.725,3.063,3.028,33.11200000000002
2011-10-21,87.19,111.6,2.75,3.067,3.01,32.748000000000005
2011-10-24,91.12,111.67,2.736,3.084,3.036,28.663999999999987
2011-10-25,92.98,112.11,2.752,3.073,3.025,27.097999999999985
2011-10-26,90.2,110.43,2.695,3.054,3.006,28.016000000000005
2011-10-27,93.96,112.45,2.804,3.133,3.088,28.413999999999987
2011-10-28,93.32,110.01,2.732,3.101,3.051,26.590000000000018
2011-10-31,93.19,108.43,2.679,3.081,3.028,24.956000000000003
2011-11-01,92.19,106.97,2.696,3.057,3.011,26.096000000000018
2011-11-02,92.51,110.82,2.696,3.031,2.991,25.412000000000006
2011-11-03,94.07,110.76,2.706,3.078,3.036,24.790000000000006
2011-11-04,94.26,112.22,2.738,3.121,3.067,26.097999999999985
2011-11-07,95.52,114.75,2.786,3.162,3.114,26.756
2011-11-08,96.8,115.61,2.773,3.159,3.119,25.070000000000007
2011-11-09,95.74,115.29,2.702,3.14,3.095,23.87599999999999
2011-11-10,97.78,113.32,2.682,3.173,3.131,21.737999999999985
2011-11-11,98.99,114.43,2.651,3.218,3.178,20.289999999999992
2011-11-14,98.14,112.57,2.59,3.198,3.158,19.151999999999987
2011-11-15,99.37,111.9,2.633,3.204,3.156,19.209999999999994
2011-11-16,102.59,111.91,2.633,3.126,3.086,14.897999999999996
2011-11-17,98.82,109.25,2.532,3.102,3.052,15.504000000000005
2011-11-18,97.67,107.82,2.5,3.062,3.019,15.197999999999993
2011-11-21,96.73,105.98,2.528,3.024,2.964,16.39
2011-11-22,97.76,107.77,2.59,3.063,3.005,17.641999999999996
2011-11-23,96.16,106.83,2.558,2.991,2.936,17.337999999999994
2011-11-25,96.91,106.08,2.516,2.969,2.914,15.104
2011-11-28,98.21,109.38,2.545,2.997,2.939,15.00800000000001
2011-11-29,99.79,111.25,2.575,3.065,2.991,15.219999999999985
2011-11-30,100.36,111.22,2.588,3.054,3.001,14.859999999999985
2011-12-01,100.2,108.83,2.635,3.022,2.969,15.887999999999977
2011-12-02,100.97,109.59,2.669,3.011,2.968,15.916000000000011
2011-12-05,100.94,110.18,2.63,3.001,2.941,14.713999999999999
2011-12-06,101.25,110.16,2.675,3.035,2.977,16.139999999999986
2011-12-07,100.45,110.07,2.628,3.005,2.943,15.203999999999994
2011-12-08,98.35,108.23,2.605,2.94,2.867,15.750000000000014
2011-12-09,99.4,107.91,2.644,2.928,2.841,15.623999999999995
2011-12-12,97.77,107.82,2.605,2.904,2.824,15.826000000000008
2011-12-13,100.24,109.25,2.655,2.942,2.854,15.288000000000011
2011-12-14,94.92,105.72,2.534,2.854,2.761,15.988
2011-12-15,93.84,104.52,2.516,2.848,2.749,16.47999999999999
2011-12-16,93.55,104.0,2.528,2.848,2.768,17.10600000000001
2011-12-19,93.86,104.55,2.527,2.825,2.739,16.445999999999998
2011-12-20,97.16,107.8,2.615,2.899,2.829,16.646
2011-12-21,98.54,108.0,2.654,2.939,2.874,16.917999999999978
2011-12-22,99.42,108.98,2.668,2.93,2.91,16.304000000000002
2011-12-23,99.72,109.28,2.73,2.931,2.885,17.754000000000005
2011-12-27,101.29,109.28,2.707,2.939,2.894,15.651999999999987
2011-12-28,99.44,107.54,2.68,2.936,2.891,16.704000000000008
2011-12-29,99.68,106.89,2.712,2.973,2.93,17.878
2011-12-30,98.83,108.09,2.694,2.964,2.917,18.098
2012-01-03,102.96,111.12,2.784,3.087,3.04,18.210000000000008
2012-01-04,103.22,113.37,2.805,3.135,3.1,19.209999999999994
2012-01-05,101.81,113.59,2.745,3.082,3.06,18.197999999999993
2012-01-06,101.56,111.96,2.777,3.117,3.102,19.834000000000003
2012-01-09,101.31,111.07,2.77,3.104,3.134,19.706000000000003
2012-01-10,102.24,113.3,2.792,3.133,3.168,19.798000000000016
2012-01-11,100.89,111.66,2.784,3.091,3.136,20.336
2012-01-12,99.03,112.97,2.748,3.074,3.1,20.950000000000017
2012-01-13,98.69,109.88,2.774,3.071,3.095,21.976
2012-01-17,100.7,110.55,2.798,3.062,3.079,20.511999999999986
2012-01-18,100.61,109.81,2.862,3.051,3.076,22.24000000000001
2012-01-19,100.32,109.54,2.849,3.068,3.093,22.40400000000001
2012-01-20,98.15,108.5,2.816,3.03,3.045,23.11799999999998
2012-01-23,99.47,109.46,2.808,3.045,3.055,21.784000000000006
2012-01-24,98.84,108.38,2.833,3.06,3.07,23.323999999999998
2012-01-25,99.23,108.48,2.869,3.06,3.062,23.942000000000007
2012-01-26,99.76,109.08,2.875,3.089,3.082,23.98599999999999
2012-01-27,99.47,110.5,2.949,3.105,3.1,26.57199999999999
2012-01-30,98.75,110.24,2.9,3.063,3.068,25.331999999999994
2012-01-31,98.46,110.26,2.912,3.075,3.079,26.12600000000002
2012-02-01,97.63,111.96,2.905,3.07,3.079,26.689999999999998
2012-02-02,96.36,110.96,2.899,3.075,3.085,27.861999999999995
2012-02-03,97.8,112.56,2.937,3.134,3.134,28.312000000000012
2012-02-06,96.89,115.47,2.956,3.217,3.217,30.915999999999997
2012-02-07,98.55,116.86,2.951,3.203,3.212,28.919999999999987
2012-02-08,98.8,117.18,3.001,3.212,3.197,30.196000000000012
2012-02-09,99.88,118.4,3.032,3.231,3.216,30.25
2012-02-10,98.68,118.13,3.001,3.202,3.17,30.175999999999988
2012-02-13,100.39,118.73,3.027,3.176,3.15,28.83
2012-02-14,100.82,118.3,2.999,3.2,3.165,27.952000000000027
2012-02-15,101.82,120.25,3.023,3.219,3.191,27.890000000000015
2012-02-16,102.33,121.0,3.05,3.232,3.215,28.317999999999998
2012-02-17,103.27,120.69,3.023,3.225,3.197,26.524000000000015
2012-02-21,105.88,120.85,3.061,3.272,3.237,25.635999999999996
2012-02-22,105.99,123.07,3.107,3.307,3.29,27.304000000000016
2012-02-23,107.44,124.53,3.133,3.326,3.313,26.848000000000013
2012-02-24,109.39,124.89,3.151,3.335,3.33,25.527999999999977
2012-02-27,108.49,126.46,3.113,3.304,3.294,24.929999999999993
2012-02-28,106.59,124.02,3.232,3.267,3.239,29.644000000000005
2012-02-29,107.08,122.23,3.27,3.254,3.212,30.036000000000016
2012-03-01,108.76,125.76,3.155,3.321,3.273,26.07399999999997
2012-03-02,106.68,125.93,3.098,3.26,3.205,25.70399999999998
2012-03-05,106.7,126.68,3.038,3.279,3.22,24.269999999999996
2012-03-06,104.71,125.03,2.989,3.254,3.204,24.538000000000025
2012-03-07,106.16,125.37,3.037,3.286,3.236,24.879999999999995
2012-03-08,106.65,127.96,3.057,3.323,3.288,25.468000000000018
2012-03-09,107.4,128.08,3.097,3.329,3.294,25.921999999999997
2012-03-12,106.34,127.27,3.088,3.313,3.278,26.506
2012-03-13,106.7,128.14,3.13,3.338,3.298,27.671999999999983
2012-03-14,105.49,126.98,3.146,3.329,3.292,29.203999999999994
2012-03-15,105.19,123.63,3.071,3.296,3.246,26.94199999999998
2012-03-16,107.03,125.09,3.149,3.364,3.309,28.238
2012-03-19,108.09,125.76,3.192,3.333,3.272,27.948000000000008
2012-03-20,105.68,124.38,3.204,3.316,3.263,30.45599999999999
2012-03-21,106.87,123.89,3.192,3.288,3.235,28.53800000000001
2012-03-22,104.98,122.49,3.23,3.258,3.203,31.07199999999999
2012-03-23,106.43,125.21,3.276,3.288,3.235,31.329999999999984
2012-03-26,107.07,125.85,3.303,3.319,3.269,31.880000000000024
2012-03-27,107.32,125.25,3.289,3.307,3.262,31.07000000000002
2012-03-28,105.4,124.41,3.3,3.308,3.275,33.31199999999998
2012-03-29,102.79,123.23,3.324,3.268,3.228,36.03399999999998
2012-03-30,103.03,123.41,3.318,3.269,3.242,35.639999999999986
2012-04-02,105.25,124.44,3.384,3.35,3.315,36.402000000000015
2012-04-03,104.02,124.44,3.411,3.337,3.302,38.206
2012-04-04,101.53,123.04,3.346,3.264,3.234,37.85400000000001
2012-04-05,103.29,123.58,3.302,3.26,3.224,34.806
2012-04-09,102.45,123.58,3.255,3.237,3.204,34.007999999999996
2012-04-10,101.12,121.89,3.215,3.185,3.158,33.49000000000001
2012-04-11,102.66,120.41,3.265,3.202,3.167,33.58800000000002
2012-04-12,103.69,120.57,3.335,3.263,3.24,35.371999999999986
2012-04-13,102.84,120.62,3.322,3.271,3.263,35.97
2012-04-16,102.92,118.23,3.232,3.205,3.22,32.44600000000001
2012-04-17,104.23,117.41,3.199,3.213,3.223,30.323999999999998
2012-04-18,102.65,115.18,3.156,3.203,3.216,30.560000000000002
2012-04-19,102.38,117.0,3.094,3.205,3.187,29.122000000000014
2012-04-20,103.58,118.08,3.089,3.199,3.201,27.697999999999993
2012-04-23,102.68,116.66,3.121,3.201,3.181,29.52199999999999
2012-04-24,103.1,117.74,3.084,3.205,3.194,28.122000000000014
2012-04-25,103.72,117.45,3.076,3.25,3.228,27.908000000000015
2012-04-26,104.56,119.33,3.09,3.276,3.261,27.823999999999984
2012-04-27,104.86,119.3,3.082,3.266,3.239,27.159999999999982
2012-04-30,104.89,118.66,3.057,3.257,3.26,26.303999999999988
2012-05-01,106.17,119.57,3.043,3.259,3.244,24.66000000000001
2012-05-02,105.25,117.57,2.999,3.227,3.212,23.900000000000006
2012-05-03,102.56,115.91,2.955,3.168,3.153,24.531999999999996
2012-05-04,98.49,111.66,2.879,3.083,3.07,25.284000000000006
2012-05-07,97.86,111.66,2.897,3.055,3.045,26.02600000000001
2012-05-08,97.13,110.48,2.936,3.064,3.049,27.974000000000004
2012-05-09,96.8,111.89,2.945,3.068,3.048,28.611999999999995
2012-05-10,97.1,112.24,2.941,3.053,3.038,27.989999999999995
2012-05-11,96.03,112.5,2.945,3.038,3.023,28.962000000000003
2012-05-14,94.75,110.79,2.961,2.996,3.011,30.10199999999999
2012-05-15,93.97,111.4,2.9,3.003,2.988,29.272000000000006
2012-05-16,92.78,109.8,2.864,2.957,2.952,28.809999999999988
2012-05-17,92.53,109.31,2.819,2.91,2.893,27.14199999999998
2012-05-18,91.51,108.03,2.833,2.884,2.882,28.189999999999998
2012-05-21,92.57,109.02,2.883,2.921,2.918,29.048000000000002
2012-05-22,91.44,109.76,2.852,2.913,2.888,29.197999999999993
2012-05-23,89.4,106.88,2.8,2.881,2.864,29.33399999999999
2012-05-24,90.36,107.2,2.794,2.888,2.869,28.303999999999988
2012-05-25,90.64,107.86,2.807,2.89,2.876,28.415999999999997
2012-05-29,90.75,107.55,2.829,2.875,2.864,28.712000000000003
2012-05-30,87.79,103.85,2.774,2.804,2.787,29.13799999999999
2012-05-31,86.52,103.86,2.631,2.78,2.753,26.068000000000012
2012-06-01,83.17,98.63,2.623,2.712,2.685,28.24200000000002
2012-06-04,83.95,97.74,2.674,2.696,2.673,28.665999999999997
2012-06-05,84.31,98.65,2.682,2.702,2.687,28.61399999999999
2012-06-06,85.05,101.14,2.698,2.747,2.727,28.951999999999998
2012-06-07,84.78,100.05,2.666,2.725,2.7,28.018
2012-06-08,84.08,97.57,2.695,2.754,2.727,29.936000000000007
2012-06-11,82.58,98.6,2.642,2.686,2.661,29.0
2012-06-12,83.35,96.59,2.665,2.701,2.669,29.084000000000017
2012-06-13,82.56,97.29,2.663,2.697,2.655,29.762
2012-06-14,83.83,96.46,2.708,2.736,2.706,30.298000000000002
2012-06-15,84.03,97.13,2.683,2.753,2.708,29.635999999999996
2012-06-18,83.26,95.21,2.61,2.726,2.691,27.98399999999998
2012-06-19,83.99,95.14,2.6,2.734,2.719,27.086000000000013
2012-06-20,81.06,93.5,2.537,2.694,2.646,27.691999999999993
2012-06-21,77.91,89.22,2.441,2.635,2.6,27.32799999999999
2012-06-22,79.33,89.22,2.49,2.667,2.627,27.72800000000001
2012-06-25,78.76,88.69,2.538,2.656,2.621,29.487999999999985
2012-06-26,79.34,90.19,2.523,2.693,2.658,29.006
2012-06-27,80.27,92.06,2.486,2.708,2.673,27.25
2012-06-28,77.72,91.02,2.437,2.668,2.633,27.86800000000001
2012-06-29,85.04,94.17,2.59,2.819,2.774,26.945999999999984
2012-07-02,83.72,95.28,2.591,2.794,2.749,27.944000000000003
2012-07-03,87.74,99.89,2.683,2.882,2.827,27.732
2012-07-05,87.11,101.54,2.711,2.875,2.825,29.048000000000002
2012-07-06,84.37,98.5,2.671,2.849,2.789,30.303999999999988
2012-07-09,85.93,99.94,2.747,2.883,2.823,31.348
2012-07-10,83.92,99.15,2.736,2.863,2.828,32.769999999999996
2012-07-11,85.88,99.23,2.77,2.901,2.863,32.294
2012-07-12,86.02,99.18,2.795,2.901,2.851,32.853999999999985
2012-07-13,87.15,101.91,2.796,2.922,2.894,32.04599999999998
2012-07-16,88.41,102.1,2.837,2.939,2.934,32.17200000000001
2012-07-17,89.07,104.21,2.789,2.945,2.91,30.25200000000001
2012-07-18,89.88,105.92,2.818,2.978,2.936,30.716000000000008
2012-07-19,92.78,107.79,2.828,3.036,3.009,28.907999999999987
2012-07-20,91.56,106.98,2.827,3.021,3.006,29.889999999999986
2012-07-23,87.77,103.91,2.761,2.92,2.91,30.418000000000006
2012-07-24,88.28,103.57,2.71,2.908,2.903,28.311999999999983
2012-07-25,88.8,102.35,2.65,2.926,2.914,26.364000000000004
2012-07-26,89.4,104.77,2.667,2.947,2.941,26.534000000000006
2012-07-27,90.13,106.3,2.767,2.976,2.963,29.010000000000005
2012-07-30,89.8,106.54,2.788,2.953,2.948,29.605999999999995
2012-07-31,88.08,105.93,2.756,2.919,2.914,29.953999999999994
2012-08-01,88.99,106.78,2.822,2.955,2.94,31.396000000000015
2012-08-02,87.22,107.55,2.873,2.959,2.939,34.650000000000006
2012-08-03,91.4,109.57,2.945,3.048,3.033,33.731999999999985
2012-08-06,92.3,110.01,2.956,3.046,3.051,33.111999999999995
2012-08-07,93.68,112.39,2.998,3.096,3.104,33.608000000000004
2012-08-08,93.39,113.42,2.981,3.121,3.123,33.77199999999999
2012-08-09,93.39,113.52,3.021,3.162,3.154,35.465999999999994
2012-08-10,92.94,113.13,2.98,3.147,3.127,34.55799999999999
2012-08-13,92.76,114.48,2.96,3.144,3.134,34.135999999999996
2012-08-14,93.4,113.9,2.966,3.164,3.149,33.944
2012-08-15,94.35,115.51,3.053,3.218,3.185,36.18600000000001
2012-08-16,95.66,116.12,3.046,3.235,3.203,34.918000000000006
2012-08-17,96.0,115.2,2.984,3.218,3.163,32.60400000000001
2012-08-20,96.03,115.5,2.979,3.215,3.162,32.391999999999996
2012-08-21,96.55,116.03,3.037,3.247,3.195,33.944
2012-08-22,96.89,115.77,3.081,3.258,3.228,34.989999999999995
2012-08-23,95.87,117.45,3.065,3.252,3.209,35.47799999999998
2012-08-24,95.78,115.76,3.043,3.244,3.205,34.84
2012-08-27,95.54,113.74,3.211,3.26,3.225,40.007999999999996
2012-08-28,96.3,112.62,3.174,3.273,3.278,38.39399999999999
2012-08-29,95.5,112.53,3.113,3.259,3.249,37.28999999999999
2012-08-30,94.61,112.28,3.098,3.276,3.258,37.997999999999976
2012-08-31,96.47,113.93,3.133,3.324,3.279,37.79000000000002
2012-09-04,95.34,114.98,3.174,3.29,3.237,39.591999999999985
2012-09-05,95.37,113.32,3.188,3.26,3.21,39.53399999999999
2012-09-06,95.58,114.5,3.255,3.243,3.218,40.962
2012-09-07,96.41,113.64,3.359,3.257,3.242,43.24000000000001
2012-09-10,96.52,113.84,3.427,3.25,3.247,44.93599999999999
2012-09-11,97.03,114.86,3.444,3.274,3.257,45.238
2012-09-12,97.02,114.86,3.392,3.295,3.263,44.086
2012-09-13,98.3,116.0,3.205,3.288,3.265,37.47200000000002
2012-09-14,98.94,117.48,3.21,3.311,3.284,37.29400000000001
2012-09-17,96.51,116.7,3.131,3.215,3.183,36.16799999999999
2012-09-18,95.25,113.29,3.083,3.179,3.141,35.58000000000001
2012-09-19,91.97,108.49,3.063,3.108,3.068,37.30600000000001
2012-09-20,92.14,109.41,3.14,3.175,3.128,40.230000000000004
2012-09-21,92.64,111.27,3.252,3.222,3.165,43.524000000000015
2012-09-24,91.68,109.2,3.142,3.177,3.129,40.77399999999997
2012-09-25,91.07,110.77,3.205,3.183,3.135,43.232
2012-09-26,89.92,108.99,3.364,3.173,3.134,48.694
2012-09-27,91.89,111.45,3.439,3.226,3.168,49.56599999999999
2012-09-28,92.18,111.36,3.665,3.231,3.156,55.67400000000001
2012-10-01,92.44,112.58,3.332,3.221,3.151,45.94999999999999
2012-10-02,91.88,112.49,3.182,3.221,3.138,42.31000000000003
2012-10-03,88.19,109.32,3.109,3.187,3.077,43.47999999999999
2012-10-04,91.69,110.48,3.269,3.299,3.199,46.02799999999999
2012-10-05,89.87,112.17,3.277,3.273,3.158,47.708
2012-10-08,89.43,112.6,3.186,3.274,3.159,45.614000000000004
2012-10-09,92.42,114.32,3.213,3.301,3.208,43.757999999999996
2012-10-10,91.24,116.11,3.207,3.331,3.211,45.18999999999998
2012-10-11,92.19,116.18,3.16,3.378,3.25,43.58200000000002
2012-10-12,91.83,115.17,3.05,3.328,3.208,40.16199999999999
2012-10-15,91.84,115.0,3.012,3.304,3.187,38.75200000000001
2012-10-16,92.07,115.0,2.965,3.274,3.162,36.786
2012-10-17,92.04,113.49,2.906,3.282,3.157,35.27599999999998
2012-10-18,92.0,112.58,2.83,3.287,3.162,33.257999999999996
2012-10-19,90.0,111.89,2.773,3.221,3.096,32.738000000000014
2012-10-22,88.3,109.62,2.741,3.153,3.028,32.58999999999999
2012-10-23,86.65,107.53,2.703,3.111,2.999,32.587999999999994
2012-10-24,85.39,107.66,2.676,3.113,2.995,33.120000000000005
2012-10-25,85.59,107.64,2.731,3.143,3.013,34.87999999999998
2012-10-26,85.84,108.9,2.737,3.19,3.041,35.456
2012-10-29,85.52,109.33,2.783,3.195,3.017,37.134
2012-10-30,85.65,109.4,2.799,3.164,2.975,37.018
2012-10-31,86.23,109.89,2.78,3.155,2.961,35.77999999999999
2012-11-01,87.05,108.84,2.673,3.16,2.938,32.034000000000006
2012-11-02,84.9,106.79,2.616,3.098,2.865,31.72
2012-11-05,85.64,105.59,2.668,3.138,2.888,32.99600000000001
2012-11-06,88.62,109.27,2.836,3.182,2.947,35.336
2012-11-07,84.5,108.21,2.759,3.095,2.9,36.081999999999994
2012-11-08,85.07,107.23,2.806,3.136,2.891,37.40200000000003
2012-11-09,86.08,108.61,2.984,3.167,2.942,41.80999999999999
2012-11-12,85.56,110.23,2.954,3.161,2.936,41.406000000000006
2012-11-13,85.38,108.82,2.956,3.154,2.892,41.544
2012-11-14,86.32,109.66,2.908,3.193,2.94,39.806
2012-11-15,85.45,110.07,2.897,3.156,2.914,39.849999999999994
2012-11-16,86.62,106.81,2.89,3.194,2.934,39.016000000000005
2012-11-19,89.05,110.06,2.828,3.28,3.052,36.054
2012-11-20,86.46,110.01,2.793,3.248,3.015,37.21600000000001
2012-11-21,87.08,110.81,2.832,3.274,3.046,38.05199999999999
2012-11-23,87.01,110.14,2.82,3.27,3.042,37.730000000000004
2012-11-26,87.28,110.18,2.785,3.243,3.018,36.10199999999999
2012-11-27,86.81,109.33,2.785,3.163,2.995,35.452
2012-11-28,86.1,108.26,2.78,3.153,2.975,35.88199999999999
2012-11-29,87.64,110.47,2.825,3.158,3.012,35.67200000000001
2012-11-30,88.54,110.84,2.769,3.166,3.015,33.31599999999999
2012-12-03,88.69,111.27,2.762,3.125,3.0,32.396000000000015
2012-12-04,88.04,109.99,2.727,3.06,2.945,31.155999999999977
2012-12-05,87.36,108.96,2.66,3.05,2.943,29.819999999999993
2012-12-06,85.47,108.01,2.62,3.011,2.901,30.04400000000001
2012-12-07,85.45,107.16,2.636,2.978,2.849,30.049999999999997
2012-12-10,85.14,108.25,2.615,3.016,2.859,30.304000000000002
2012-12-11,85.36,107.6,2.636,3.06,2.872,31.28800000000001
2012-12-12,86.35,110.17,2.66,3.093,2.908,31.432000000000002
2012-12-13,85.39,110.18,2.623,3.039,2.876,30.60000000000001
2012-12-14,86.32,109.28,2.69,3.061,2.901,31.854000000000028
2012-12-17,86.71,109.35,2.702,3.043,2.871,31.548000000000002
2012-12-18,87.46,109.96,2.729,3.063,2.9,31.83400000000003
2012-12-19,89.09,109.95,2.765,3.091,2.929,31.604
2012-12-20,89.76,110.57,2.793,3.119,2.977,32.11
2012-12-21,88.2,109.13,2.785,3.095,3.017,33.11
2012-12-24,88.29,108.44,2.789,3.075,2.997,32.852000000000004
2012-12-26,90.71,110.72,2.854,3.119,3.034,32.86800000000002
2012-12-27,90.91,110.04,2.841,3.129,3.056,32.444
2012-12-28,90.66,110.05,2.826,3.101,2.974,31.88199999999999
2012-12-31,91.83,110.8,2.835,3.074,2.984,30.586
2013-01-02,93.14,112.98,2.807,3.083,2.993,28.617999999999995
2013-01-03,92.97,113.03,2.794,3.061,2.994,28.116000000000014
2013-01-04,93.12,112.58,2.82,3.061,2.991,28.694000000000003
2013-01-07,93.2,112.49,2.833,3.078,3.033,29.215999999999994
2013-01-08,93.21,113.03,2.842,3.098,3.088,29.738
2013-01-09,93.08,113.07,2.813,3.101,3.083,29.098
2013-01-10,93.81,112.97,2.806,3.097,3.065,28.116
2013-01-11,93.6,110.3,2.75,3.081,3.058,26.534000000000006
2013-01-14,94.27,111.32,2.765,3.121,3.131,26.843999999999994
2013-01-15,93.26,111.72,2.728,3.065,3.095,26.033999999999992
2013-01-16,94.28,110.97,2.749,3.049,3.059,25.378
2013-01-17,95.49,111.01,2.786,3.057,3.072,25.316000000000003
2013-01-18,95.61,111.71,2.824,3.107,3.087,26.959999999999994
2013-01-22,96.09,112.72,2.862,3.123,3.119,27.768
2013-01-23,95.06,113.68,2.865,3.125,3.135,28.91000000000001
2013-01-24,95.35,114.59,2.888,3.133,3.138,29.376000000000005
2013-01-25,95.15,113.88,2.904,3.118,3.113,29.81399999999998
2013-01-28,95.95,113.92,2.952,3.098,3.106,30.077999999999975
2013-01-29,97.62,115.22,2.995,3.157,3.179,30.437999999999988
2013-01-30,97.98,115.42,3.068,3.172,3.184,32.33200000000001
2013-01-31,97.65,115.55,3.046,3.181,3.19,32.172
2013-02-01,97.46,115.55,3.1,3.23,3.238,34.56000000000002
2013-02-04,96.21,116.06,3.047,3.222,3.23,34.21400000000001
2013-02-05,96.68,117.03,3.07,3.238,3.238,34.611999999999995
2013-02-06,96.44,116.61,3.068,3.241,3.226,34.837999999999994
2013-02-07,95.84,117.17,3.028,3.261,3.254,34.59800000000001
2013-02-08,95.71,118.9,3.07,3.295,3.286,36.38000000000001
2013-02-11,97.01,118.29,3.038,3.289,3.299,34.09999999999998
2013-02-12,97.48,117.89,3.052,3.305,3.293,34.245999999999995
2013-02-13,97.03,118.43,3.053,3.318,3.283,34.906000000000006
2013-02-14,97.3,118.48,3.139,3.301,3.282,36.806
2013-02-15,95.95,117.4,3.157,3.306,3.266,38.729999999999976
2013-02-19,96.69,117.04,3.133,3.28,3.238,36.95400000000001
2013-02-20,94.92,116.23,3.066,3.255,3.2,36.498000000000005
2013-02-21,92.79,114.19,3.057,3.208,3.19,37.718
2013-02-22,93.12,113.74,3.114,3.217,3.195,39.109999999999985
2013-02-25,92.74,114.55,3.043,3.207,3.163,37.36200000000001
2013-02-26,92.63,112.96,2.997,3.167,3.127,35.623999999999995
2013-02-27,92.84,112.24,2.881,3.103,3.079,31.27000000000001
2013-02-28,92.03,112.2,2.891,3.067,3.049,31.85600000000001
2013-03-01,90.71,110.14,3.147,3.052,3.016,40.13399999999997
2013-03-04,90.13,109.9,2.896,3.043,3.005,33.56
2013-03-05,90.88,110.42,2.936,3.101,3.021,34.742000000000004
2013-03-06,90.47,110.27,2.909,3.096,3.019,34.32600000000001
2013-03-07,91.53,110.42,2.874,3.096,3.013,32.28599999999999
2013-03-08,92.01,108.91,2.948,3.092,3.004,33.82199999999999
2013-03-11,92.07,108.64,2.888,3.093,2.993,32.096000000000004
2013-03-12,92.44,108.48,2.883,3.056,3.016,31.067999999999998
2013-03-13,92.47,107.51,2.897,3.025,2.975,30.995999999999995
2013-03-14,93.03,108.1,2.931,3.023,2.988,31.36
2013-03-15,93.49,109.32,2.946,3.03,2.988,31.41800000000002
2013-03-18,93.71,108.54,2.91,3.007,2.972,29.868000000000023
2013-03-19,92.44,106.91,2.845,2.961,2.891,28.673999999999992
2013-03-20,93.21,108.27,2.868,2.996,2.926,29.037999999999997
2013-03-21,92.46,106.41,2.875,2.991,2.921,29.914000000000016
2013-03-22,93.41,106.51,2.877,2.985,2.883,28.935999999999993
2013-03-25,94.55,106.66,2.881,2.984,2.874,27.894000000000005
2013-03-26,95.99,107.1,2.93,3.011,2.923,28.204000000000008
2013-03-27,96.53,108.51,2.92,3.038,2.974,27.761999999999986
2013-03-28,97.24,108.46,2.913,3.069,2.982,27.289999999999992
2013-04-01,97.1,108.76,2.9,3.094,3.002,27.41600000000001
2013-04-02,97.23,109.66,2.838,3.116,3.019,25.858000000000004
2013-04-03,95.02,107.82,2.702,3.035,2.975,23.126000000000005
2013-04-04,93.26,105.09,2.686,3.003,2.933,23.989999999999995
2013-04-05,92.76,103.98,2.663,2.945,2.882,23.033999999999978
2013-04-08,93.36,103.16,2.728,2.977,2.912,24.702000000000012
2013-04-09,94.18,104.08,2.749,2.981,2.916,24.525999999999996
2013-04-10,94.59,104.8,2.669,2.969,2.891,21.708
2013-04-11,93.44,103.62,2.638,2.909,2.874,21.14999999999999
2013-04-12,91.23,100.58,2.599,2.874,2.797,21.77799999999999
2013-04-15,88.75,99.32,2.67,2.794,2.729,25.12599999999999
2013-04-16,88.73,97.88,2.721,2.804,2.707,26.714
2013-04-17,86.65,96.84,2.659,2.729,2.636,26.007999999999996
2013-04-18,87.83,97.48,2.69,2.779,2.694,26.396
2013-04-19,88.04,98.94,2.716,2.794,2.699,27.123999999999995
2013-04-22,88.81,99.07,2.695,2.813,2.713,26.031999999999996
2013-04-23,89.21,99.25,2.638,2.819,2.683,24.120000000000005
2013-04-24,91.07,100.71,2.665,2.855,2.719,23.519999999999996
2013-04-25,93.27,101.62,2.716,2.896,2.783,23.322000000000003
2013-04-26,92.63,102.39,2.741,2.882,2.758,24.466000000000008
2013-04-29,94.09,102.88,2.735,2.875,2.759,22.739999999999995
2013-04-30,93.22,101.53,2.714,2.853,2.688,22.714000000000013
2013-05-01,90.74,98.34,2.616,2.799,2.604,21.694000000000017
2013-05-02,93.7,100.32,2.7,2.875,2.673,22.150000000000006
2013-05-03,95.25,104.6,2.728,2.891,2.706,21.608000000000004
2013-05-06,95.8,105.0,2.767,2.915,2.71,22.486000000000004
2013-05-07,95.8,105.18,2.745,2.934,2.734,22.135999999999996
2013-05-08,96.24,103.79,2.772,2.93,2.777,22.396000000000015
2013-05-09,96.09,103.59,2.789,2.937,2.773,23.11999999999999
2013-05-10,95.81,101.31,2.764,2.904,2.748,22.238
2013-05-13,94.76,102.17,2.742,2.891,2.741,22.489999999999995
2013-05-14,93.96,102.7,2.753,2.88,2.7,23.444000000000003
2013-05-15,93.95,101.57,2.785,2.876,2.704,24.293999999999983
2013-05-16,94.85,104.27,2.793,2.908,2.745,24.066000000000017
2013-05-17,95.72,103.83,2.81,2.936,2.786,24.063999999999993
2013-05-20,96.29,104.55,2.817,2.95,2.81,23.885999999999996
2013-05-21,95.55,103.1,2.748,2.924,2.757,22.33
2013-05-22,93.98,102.14,2.723,2.872,2.709,22.471999999999994
2013-05-23,94.12,100.46,2.732,2.86,2.71,22.415999999999997
2013-05-24,93.84,101.24,2.713,2.858,2.713,22.135999999999996
2013-05-28,94.65,103.77,2.746,2.908,2.766,22.949999999999974
2013-05-29,93.13,102.14,2.7,2.868,2.72,22.622
2013-05-30,93.57,101.79,2.721,2.842,2.706,22.406000000000006
2013-05-31,91.93,100.43,2.663,2.782,2.657,21.58199999999998
2013-06-03,93.41,101.63,2.707,2.843,2.734,22.188000000000002
2013-06-04,93.36,102.04,2.742,2.872,2.761,23.623999999999995
2013-06-05,93.66,103.51,2.746,2.856,2.744,23.212000000000003
2013-06-06,94.71,103.37,2.77,2.872,2.755,23.057999999999993
2013-06-07,96.11,104.07,2.794,2.904,2.784,22.77799999999999
2013-06-10,95.82,103.87,2.766,2.883,2.758,21.99000000000001
2013-06-11,95.5,101.5,2.751,2.856,2.724,21.512
2013-06-12,95.98,103.11,2.756,2.896,2.781,21.731999999999985
2013-06-13,96.66,103.38,2.811,2.939,2.826,23.194000000000003
2013-06-14,97.83,105.1,2.845,2.966,2.844,23.354000000000013
2013-06-17,97.86,105.8,2.811,2.957,2.834,22.245999999999995
2013-06-18,98.46,105.21,2.822,2.963,2.836,22.03800000000001
2013-06-19,98.24,105.56,2.806,2.965,2.83,21.838000000000022
2013-06-20,94.89,102.72,2.708,2.88,2.743,21.254000000000005
2013-06-21,93.81,100.36,2.697,2.855,2.735,21.675999999999988
2013-06-24,95.07,99.8,2.656,2.857,2.729,19.296000000000006
2013-06-25,95.25,101.51,2.657,2.858,2.73,19.158
2013-06-26,95.47,100.62,2.66,2.857,2.73,19.00800000000001
2013-06-27,97.0,102.74,2.651,2.885,2.758,17.61799999999998
2013-06-28,96.36,102.49,2.649,2.865,2.737,17.921999999999997
2013-07-01,97.94,103.19,2.668,2.882,2.754,17.112000000000023
2013-07-02,99.65,103.96,2.717,2.904,2.782,17.082000000000008
2013-07-03,101.92,106.12,2.776,2.954,2.833,17.163999999999987
2013-07-05,103.09,107.46,2.825,2.998,2.879,17.982
2013-07-08,103.03,107.75,2.818,2.977,2.86,17.551999999999992
2013-07-09,103.46,107.9,2.875,2.988,2.88,18.872
2013-07-10,106.41,108.43,2.942,3.0,2.892,17.966000000000022
2013-07-11,104.77,108.18,2.977,2.998,2.888,20.557999999999993
2013-07-12,105.85,109.03,3.063,3.03,2.906,22.334000000000003
2013-07-15,106.2,109.05,3.034,3.03,2.908,21.171999999999997
2013-07-16,105.88,109.29,3.025,3.045,2.924,21.450000000000003
2013-07-17,106.39,109.67,2.996,3.073,2.955,20.52000000000001
2013-07-18,107.94,109.71,3.012,3.105,2.975,19.866
2013-07-19,108.0,109.34,3.007,3.091,2.953,19.470000000000013
2013-07-22,106.61,108.82,2.931,3.066,2.931,18.382000000000005
2013-07-23,107.13,109.27,2.925,3.076,2.938,17.834000000000003
2013-07-24,105.41,108.23,2.92,3.042,2.899,18.938000000000002
2013-07-25,105.47,108.1,2.929,3.035,2.878,19.031999999999996
2013-07-26,104.76,107.57,2.971,3.01,2.875,20.568000000000012
2013-07-29,104.61,108.1,2.953,3.024,2.917,20.409999999999997
2013-07-30,103.14,107.47,2.958,3.012,2.899,21.852000000000004
2013-07-31,105.1,107.89,2.996,3.055,2.95,21.558000000000007
2013-08-01,107.93,109.94,2.965,3.091,2.983,18.36399999999999
2013-08-02,106.94,109.63,2.943,3.067,2.97,18.40200000000003
2013-08-05,106.61,109.81,2.905,3.043,2.954,17.332000000000008
2013-08-06,105.32,108.77,2.871,3.005,2.917,17.13799999999999
2013-08-07,104.41,108.39,2.836,2.959,2.886,16.424000000000007
2013-08-08,103.45,107.32,2.84,2.948,2.89,17.341999999999985
2013-08-09,106.04,108.49,2.88,2.985,2.937,16.389999999999986
2013-08-12,106.19,109.28,2.874,3.019,2.965,16.548000000000002
2013-08-13,106.78,110.69,2.92,3.039,2.989,17.525999999999996
2013-08-14,106.89,110.26,2.954,3.042,2.982,18.41000000000001
2013-08-15,107.43,111.58,2.956,3.072,3.005,18.34599999999999
2013-08-16,107.58,111.82,2.934,3.091,3.024,17.846000000000004
2013-08-19,107.14,111.41,2.905,3.065,3.001,17.11
2013-08-20,104.9,110.74,2.915,3.083,3.015,19.88199999999999
2013-08-21,103.93,110.82,2.942,3.07,3.011,21.425999999999988
2013-08-22,104.93,110.51,2.973,3.065,3.01,21.22399999999999
2013-08-23,106.48,112.12,3.0,3.103,3.052,20.962000000000003
2013-08-26,105.88,112.23,2.955,3.091,3.041,20.134000000000015
2013-08-27,109.11,115.21,3.027,3.165,3.115,19.956000000000003
2013-08-28,110.17,116.27,3.073,3.19,3.131,20.533999999999978
2013-08-29,108.51,116.91,2.866,3.171,3.112,16.13199999999999
2013-08-30,107.98,115.97,2.992,3.135,3.08,19.685999999999993
2013-09-03,108.67,115.49,2.945,3.146,3.076,17.834000000000003
2013-09-04,107.29,115.65,2.948,3.127,3.004,19.031999999999996
2013-09-05,108.5,115.81,2.92,3.133,3.018,17.122
2013-09-06,110.62,117.15,2.917,3.155,3.045,15.225999999999999
2013-09-09,109.62,115.2,2.855,3.11,2.994,13.86
2013-09-10,107.48,112.1,2.808,3.069,2.953,14.109999999999985
2013-09-11,107.65,112.37,2.789,3.076,2.942,13.506
2013-09-12,108.72,113.11,2.837,3.125,3.017,14.465999999999994
2013-09-13,108.31,113.31,2.831,3.112,3.001,14.52600000000001
2013-09-16,106.54,110.86,2.785,3.053,2.938,14.181999999999988
2013-09-17,105.36,109.05,2.723,2.984,2.87,12.659999999999997
2013-09-18,108.23,109.09,2.813,3.036,2.931,13.037999999999982
2013-09-19,106.26,110.66,2.785,3.007,2.907,13.818000000000012
2013-09-20,104.7,110.22,2.741,3.006,2.905,14.13199999999999
2013-09-23,103.62,108.56,2.675,2.948,2.846,12.551999999999978
2013-09-24,103.22,107.68,2.705,2.964,2.846,14.015999999999991
2013-09-25,102.68,109.46,2.712,2.966,2.849,14.779999999999987
2013-09-26,103.1,108.86,2.752,2.995,2.847,15.885999999999996
2013-09-27,102.86,109.45,2.715,2.985,2.856,14.950000000000003
2013-09-30,102.36,107.85,2.68,2.971,2.842,14.274000000000015
2013-10-01,102.09,107.32,2.649,2.956,2.773,13.465999999999994
2013-10-02,104.15,109.09,2.681,2.997,2.878,12.87599999999999
2013-10-03,103.29,109.49,2.679,3.001,2.89,13.73599999999999
2013-10-04,103.83,109.42,2.659,3.009,2.9,12.74799999999999
2013-10-07,103.07,109.66,2.683,3.015,2.899,14.26400000000001
2013-10-08,103.54,110.56,2.692,3.038,2.923,14.367999999999995
2013-10-09,101.63,109.02,2.676,3.021,2.893,15.591999999999999
2013-10-10,103.08,111.63,2.748,3.076,2.947,16.927999999999997
2013-10-11,102.17,110.65,2.731,3.04,2.915,16.858000000000004
2013-10-14,102.46,110.13,2.735,3.035,2.91,16.61
2013-10-15,101.15,110.67,2.712,3.014,2.892,16.982
2013-10-16,102.34,110.79,2.754,3.044,2.912,17.388000000000005
2013-10-17,100.72,109.55,2.688,2.992,2.859,16.432000000000002
2013-10-18,100.87,109.4,2.721,3.038,2.936,17.85000000000001
2013-10-21,99.28,109.47,2.711,3.015,2.917,18.837999999999994
2013-10-22,97.63,109.57,2.676,3.0,2.898,19.298000000000002
2013-10-23,96.9,107.74,2.61,2.922,2.821,17.087999999999994
2013-10-24,96.65,106.63,2.638,2.904,2.802,17.869999999999976
2013-10-25,97.4,105.7,2.651,2.919,2.82,17.69399999999999
2013-10-28,98.74,108.29,2.68,2.963,2.866,17.78200000000001
2013-10-29,98.29,108.04,2.655,2.958,2.891,17.46199999999999
2013-10-30,96.81,108.41,2.692,2.981,2.912,20.30000000000001
2013-10-31,96.29,107.53,2.64,2.959,2.892,19.055999999999997
2013-11-01,94.56,105.78,2.604,2.888,2.813,18.784000000000006
2013-11-04,94.58,104.85,2.587,2.874,2.779,18.092000000000013
2013-11-05,93.4,105.01,2.578,2.865,2.76,18.89399999999999
2013-11-06,94.74,105.46,2.604,2.868,2.76,18.324000000000012
2013-11-07,94.25,103.08,2.56,2.847,2.737,17.287999999999997
2013-11-08,94.56,104.29,2.609,2.875,2.727,18.742000000000004
2013-11-11,95.13,105.76,2.66,2.898,2.787,19.92200000000001
2013-11-12,93.12,106.29,2.653,2.861,2.746,21.218000000000004
2013-11-13,93.91,106.9,2.687,2.899,2.784,21.912000000000006
2013-11-14,93.76,108.29,2.748,2.93,2.815,24.204000000000008
2013-11-15,93.8,108.25,2.727,2.947,2.829,23.813999999999993
2013-11-18,93.03,108.8,2.705,2.921,2.808,23.604
2013-11-19,93.35,108.29,2.7,2.917,2.802,23.088000000000008
2013-11-20,93.34,108.27,2.694,2.957,2.842,23.489999999999995
2013-11-21,95.35,109.9,2.764,3.01,2.906,24.182000000000002
2013-11-22,94.53,111.36,2.761,3.036,2.939,25.28200000000001
2013-11-25,93.86,110.83,2.714,3.032,2.929,24.58
2013-11-26,93.41,112.04,2.71,3.049,2.948,25.15599999999999
2013-11-27,92.05,111.32,2.726,3.053,2.955,27.02000000000001
2013-11-29,92.55,111.07,2.678,3.034,2.936,24.909999999999997
2013-12-02,93.61,111.49,2.698,3.05,2.956,24.633999999999986
2013-12-03,95.83,113.06,2.746,3.06,2.955,23.897999999999996
2013-12-04,96.97,113.27,2.725,3.05,2.955,22.03
2013-12-05,97.14,112.07,2.727,3.049,2.944,21.901999999999987
2013-12-06,97.48,111.5,2.74,3.053,2.948,21.982
2013-12-09,97.1,110.07,2.677,3.011,2.913,20.010000000000005
2013-12-11,97.25,109.47,2.67,3.02,2.935,19.790000000000006
2013-12-12,97.21,108.99,2.643,2.978,2.893,18.48599999999999
2013-12-13,96.27,108.08,2.639,2.974,2.878,19.25800000000001
2013-12-16,97.18,110.3,2.65,2.986,2.889,18.823999999999998
2013-12-17,96.99,108.91,2.653,2.96,2.871,18.73400000000001
2013-12-18,97.59,109.56,2.704,3.007,2.927,20.220000000000013
2013-12-19,98.4,110.78,2.759,3.033,2.955,21.313999999999993
2013-12-20,99.11,112.15,2.805,3.083,3.0,22.592
2013-12-23,98.62,111.58,2.792,3.074,3.006,22.591999999999985
2013-12-24,98.87,111.57,2.831,3.096,3.023,23.742000000000004
2013-12-26,99.18,111.65,2.836,3.113,3.034,23.810000000000002
2013-12-27,99.94,112.06,2.832,3.142,3.036,23.343999999999994
2013-12-30,98.9,110.47,2.813,3.09,3.0,23.123999999999995
2013-12-31,98.17,109.95,2.812,3.087,3.014,23.783999999999992
2014-01-02,95.14,107.94,2.718,3.013,2.935,23.146
2014-01-03,93.66,106.57,2.671,2.972,2.892,22.736000000000004
2014-01-06,93.12,106.71,2.678,2.977,2.909,23.541999999999987
2014-01-07,93.31,107.01,2.704,2.991,2.92,24.27600000000001
2014-01-08,91.9,107.42,2.684,2.983,2.922,25.013999999999996
2014-01-09,91.36,107.49,2.667,2.953,2.886,24.657999999999987
2014-01-10,92.39,106.44,2.693,2.977,2.902,24.691999999999993
2014-01-13,91.45,108.02,2.643,2.957,2.887,23.951999999999984
2014-01-14,92.15,107.12,2.636,2.976,2.896,23.32199999999999
2014-01-15,93.78,108.09,2.639,3.048,2.933,22.784000000000006
2014-01-16,93.54,107.46,2.608,3.064,2.919,22.379999999999995
2014-01-17,93.96,108.45,2.652,3.124,2.924,24.03200000000001
2014-01-21,94.51,109.17,2.659,3.141,2.919,23.915999999999997
2014-01-22,96.35,109.69,2.706,3.161,2.906,23.67200000000001
2014-01-23,97.23,109.69,2.69,3.195,3.001,22.819999999999993
2014-01-24,96.66,109.14,2.694,3.4,2.94,26.372
2014-01-27,95.82,108.72,2.665,3.374,2.916,26.036
2014-01-28,97.49,109.1,2.661,3.324,2.935,23.554000000000002
2014-01-29,97.34,108.83,2.685,3.248,2.96,23.311999999999998
2014-01-30,98.25,109.36,2.705,3.302,2.955,23.718000000000004
2014-01-31,97.55,108.16,2.663,3.272,2.882,22.822000000000003
2014-02-03,96.44,106.55,2.643,3.35,2.885,24.464
2014-02-04,97.24,107.04,2.641,3.386,2.856,24.112000000000023
2014-02-05,97.4,106.81,2.669,3.379,2.854,24.638000000000005
2014-02-06,97.84,108.15,2.718,3.394,2.869,25.78
2014-02-07,99.98,110.12,2.784,3.437,2.942,26.08999999999999
2014-02-10,100.12,110.18,2.753,3.161,2.911,21.218000000000004
2014-02-11,99.96,109.21,2.79,3.168,2.958,22.51200000000003
2014-02-12,100.38,108.62,2.796,3.093,2.963,21.209999999999994
2014-02-13,100.27,108.98,2.812,3.122,3.007,22.174000000000007
2014-02-14,100.31,108.63,2.838,3.159,3.042,23.379999999999995
2014-02-18,102.54,110.14,2.881,3.185,3.074,22.71799999999999
2014-02-19,103.46,110.37,2.864,3.237,3.087,22.049999999999997
2014-02-20,103.2,109.42,2.903,3.254,3.074,23.639999999999986
2014-02-21,102.53,109.03,2.87,3.175,2.952,22.28
2014-02-24,103.17,109.76,2.873,3.166,2.999,21.598000000000013
2014-02-25,102.2,109.19,2.832,3.177,2.985,21.573999999999998
2014-02-26,102.93,109.39,2.829,3.202,2.996,21.11
2014-02-27,102.68,108.54,2.794,3.158,2.924,19.763999999999996
2014-02-28,102.88,108.98,2.825,3.118,2.955,19.872
2014-03-03,105.34,111.26,2.864,3.17,3.04,19.232
2014-03-04,103.64,109.17,2.816,3.131,2.993,19.041999999999973
2014-03-05,101.75,108.15,2.772,3.082,2.968,19.013999999999996
2014-03-06,101.82,107.99,2.788,3.089,2.979,19.489999999999995
2014-03-07,102.82,109.14,2.804,3.096,2.979,19.036
2014-03-10,101.39,108.27,2.792,3.051,2.939,19.499999999999986
2014-03-11,100.29,108.35,2.803,3.022,2.912,20.50199999999998
2014-03-12,98.29,107.88,2.796,2.992,2.873,21.88599999999998
2014-03-13,98.57,107.48,2.773,2.976,2.868,20.738000000000014
2014-03-14,99.23,108.08,2.79,2.992,2.882,20.77799999999999
2014-03-17,98.43,106.99,2.712,2.938,2.833,18.63799999999999
2014-03-18,100.08,106.79,2.729,2.926,2.841,17.29600000000002
2014-03-19,100.71,105.95,2.706,2.914,2.817,15.854000000000013
2014-03-20,99.68,105.73,2.717,2.929,2.834,17.401999999999987
2014-03-21,99.97,107.2,2.748,2.932,2.837,18.022000000000006
2014-03-24,100.05,106.59,2.709,2.913,2.825,16.584000000000003
2014-03-25,99.66,107.01,2.671,2.929,2.839,16.133999999999986
2014-03-26,100.61,105.9,2.693,2.926,2.834,15.75800000000001
2014-03-27,101.25,106.58,2.721,2.952,2.867,16.266000000000005
2014-03-28,101.73,106.64,2.701,2.956,2.878,15.281999999999996
2014-03-31,101.57,105.95,2.719,2.936,2.861,15.665999999999997
2014-04-01,99.69,105.7,2.665,2.886,2.809,15.334000000000003
2014-04-02,99.6,103.37,2.676,2.874,2.801,15.564000000000007
2014-04-03,100.29,104.88,2.729,2.912,2.845,16.89
2014-04-04,101.16,106.41,2.756,2.917,2.847,16.84599999999999
2014-04-07,100.43,104.89,2.758,2.886,2.826,17.197999999999993
2014-04-08,102.57,105.83,2.891,2.937,2.859,19.495999999999995
2014-04-09,103.55,107.39,2.917,2.958,2.89,19.53800000000001
2014-04-10,103.37,107.1,2.931,2.944,2.878,19.913999999999987
2014-04-11,103.68,107.34,2.934,2.935,2.86,19.561999999999998
2014-04-14,104.05,107.68,2.965,2.981,2.904,20.704000000000008
2014-04-15,103.7,109.1,2.976,2.99,2.919,21.488
2014-04-16,103.71,109.71,2.963,3.016,2.949,21.477999999999994
2014-04-17,104.33,109.79,2.982,3.016,2.951,21.390000000000015
2014-04-21,104.35,109.69,3.014,3.018,2.949,22.293999999999997
2014-04-22,101.69,108.54,3.015,3.009,2.952,24.85600000000001
2014-04-23,101.47,108.48,3.023,2.982,2.926,24.92200000000001
2014-04-24,102.2,109.79,2.988,3.015,2.941,23.674000000000007
2014-04-25,100.85,109.53,2.966,2.985,2.909,23.988000000000014
2014-04-28,101.13,109.12,2.894,2.955,2.878,21.272000000000006
2014-04-29,101.56,109.89,2.914,2.972,2.893,21.64
2014-04-30,100.07,108.63,2.868,2.94,2.86,21.394000000000005
2014-05-01,99.69,108.63,2.846,2.924,2.854,20.93400000000001
2014-05-02,100.09,109.48,2.892,2.934,2.862,21.962000000000003
2014-05-05,99.74,109.48,2.842,2.913,2.843,20.61800000000001
2014-05-06,99.81,108.3,2.814,2.899,2.821,19.567999999999998
2014-05-07,101.06,108.17,2.857,2.935,2.858,20.02600000000001
2014-05-08,100.52,108.19,2.827,2.927,2.849,19.614000000000004
2014-05-09,100.32,108.26,2.82,2.92,2.847,19.519999999999996
2014-05-12,100.89,108.37,2.839,2.929,2.86,19.60799999999999
2014-05-13,102.01,108.78,2.843,2.958,2.893,19.006
2014-05-14,102.63,109.87,2.883,2.974,2.909,19.730000000000018
2014-05-15,101.74,109.74,2.87,2.952,2.896,19.948000000000008
2014-05-16,102.31,110.9,2.884,2.956,2.889,19.826000000000008
2014-05-19,102.95,110.84,2.87,2.941,2.876,18.58399999999999
2014-05-20,102.8,110.35,2.874,2.949,2.884,18.958
2014-05-21,104.31,111.32,2.9,2.951,2.885,18.204000000000008
2014-05-22,104.03,110.89,2.919,2.954,2.889,19.058000000000007
2014-05-23,105.01,110.19,2.919,2.959,2.896,18.147999999999996
2014-05-27,104.78,109.81,2.839,2.942,2.88,15.900000000000006
2014-05-28,103.37,109.09,2.858,2.937,2.868,17.77199999999999
2014-05-29,104.26,109.98,2.862,2.924,2.849,16.811999999999998
2014-05-30,103.4,109.21,2.852,2.889,2.817,16.901999999999973
2014-06-02,103.07,109.34,2.829,2.879,2.805,16.44800000000002
2014-06-03,103.34,108.87,2.821,2.867,2.793,15.786000000000016
2014-06-04,103.27,109.07,2.811,2.854,2.779,15.394000000000005
2014-06-05,103.17,108.43,2.826,2.879,2.812,16.26400000000001
2014-06-06,103.32,109.21,2.81,2.872,2.807,15.567999999999998
2014-06-09,105.09,110.55,2.844,2.886,2.818,14.945999999999998
2014-06-10,105.02,109.18,2.845,2.883,2.8,15.00200000000001
2014-06-11,105.04,109.83,2.867,2.898,2.816,15.807999999999993
2014-06-12,107.2,112.18,2.943,2.985,2.905,16.994
2014-06-13,107.49,113.15,2.909,2.983,2.905,15.724000000000004
2014-06-16,107.52,113.42,2.927,2.995,2.915,16.366000000000014
2014-06-17,106.95,114.02,2.939,3.011,2.934,17.49600000000001
2014-06-18,106.64,114.25,2.95,3.039,2.949,18.506
2014-06-19,107.08,115.19,2.969,3.044,2.964,18.667999999999992
2014-06-20,107.95,114.55,2.975,3.05,2.968,18.049999999999997
2014-06-23,106.83,113.62,2.939,3.031,2.954,17.896
2014-06-24,106.64,113.74,2.954,3.04,2.962,18.632000000000005
2014-06-25,107.04,112.84,2.928,3.031,2.95,17.378
2014-06-26,106.49,112.61,2.913,3.015,2.939,17.284000000000006
2014-06-27,106.46,112.62,2.925,2.995,2.897,17.370000000000005
2014-06-30,106.07,111.03,2.888,2.964,2.874,16.290000000000006
2014-07-01,106.06,110.84,2.888,2.966,2.858,16.32799999999999
2014-07-02,105.18,110.18,2.875,2.931,2.83,16.353999999999985
2014-07-03,104.76,108.98,2.896,2.917,2.817,17.165999999999983
2014-07-07,104.19,108.7,2.857,2.892,2.797,16.293999999999997
2014-07-08,104.06,107.65,2.854,2.862,2.775,15.920000000000016
2014-07-09,102.93,106.84,2.806,2.86,2.779,15.677999999999997
2014-07-10,103.61,106.2,2.836,2.884,2.817,16.173999999999992
2014-07-11,101.48,105.77,2.79,2.851,2.8,16.554000000000002
2014-07-14,101.73,104.73,2.817,2.867,2.809,17.284000000000006
2014-07-15,100.56,104.73,2.783,2.849,2.784,17.25
2014-07-16,101.88,105.41,2.778,2.853,2.793,15.846000000000004
2014-07-17,103.84,106.04,2.777,2.86,2.798,13.955999999999989
2014-07-18,103.83,106.03,2.777,2.847,2.785,13.783999999999992
2014-07-21,105.34,105.71,2.805,2.856,2.801,13.183999999999997
2014-07-22,104.59,106.48,2.79,2.848,2.809,13.402000000000001
2014-07-23,103.81,106.85,2.778,2.875,2.835,14.22399999999999
2014-07-24,102.76,105.78,2.755,2.871,2.834,14.573999999999984
2014-07-25,105.23,106.89,2.781,2.912,2.864,13.406000000000006
2014-07-28,105.68,106.7,2.758,2.885,2.838,11.933999999999983
2014-07-29,104.91,106.98,2.773,2.898,2.859,13.306000000000012
2014-07-30,104.29,106.47,2.737,2.876,2.848,12.610000000000014
2014-07-31,98.23,104.94,2.736,2.879,2.846,18.683999999999997
2014-08-01,97.86,103.45,2.673,2.856,2.821,16.968000000000018
2014-08-04,98.26,103.63,2.66,2.868,2.828,16.371999999999986
2014-08-05,97.34,102.82,2.654,2.844,2.807,16.787999999999982
2014-08-06,96.93,104.17,2.698,2.875,2.837,18.86399999999999
2014-08-07,97.34,104.02,2.729,2.903,2.868,19.714000000000013
2014-08-08,97.61,103.36,2.698,2.875,2.851,18.183999999999997
2014-08-11,98.09,103.47,2.708,2.883,2.861,18.09599999999999
2014-08-12,97.36,101.68,2.691,2.845,2.825,17.817999999999998
2014-08-13,97.57,102.27,2.707,2.898,2.878,18.798000000000002
2014-08-14,95.54,101.15,2.645,2.825,2.805,18.070000000000007
2014-08-15,97.3,101.13,2.678,2.841,2.831,17.458
2014-08-18,96.44,99.37,2.645,2.81,2.8,16.959999999999994
2014-08-19,94.35,99.74,2.687,2.816,2.809,20.310000000000016
2014-08-20,96.4,99.92,2.706,2.82,2.815,18.848
2014-08-21,93.97,100.28,2.752,2.833,2.828,22.748000000000005
2014-08-22,93.61,100.09,2.732,2.828,2.823,22.47800000000001
2014-08-25,95.39,100.49,2.742,2.836,2.834,21.090000000000003
2014-08-26,95.78,100.5,2.762,2.842,2.864,21.34400000000001
2014-08-27,95.82,100.4,2.73,2.859,2.881,20.646000000000015
2014-08-28,96.44,100.71,2.745,2.844,2.881,20.236000000000004
2014-08-29,97.86,101.12,2.772,2.852,2.87,19.683999999999983
2014-09-02,92.92,100.21,2.698,2.794,2.816,21.74000000000001
2014-09-03,95.5,100.88,2.761,2.852,2.882,21.73599999999999
2014-09-04,94.51,101.21,2.772,2.835,2.855,22.795999999999992
2014-09-05,93.32,99.51,2.76,2.82,2.812,23.439999999999998
2014-09-08,92.64,99.53,2.726,2.807,2.802,22.98599999999999
2014-09-09,92.73,98.08,2.721,2.788,2.77,22.49000000000001
2014-09-10,91.71,96.26,2.706,2.753,2.751,22.60000000000001
2014-09-11,92.89,96.42,2.666,2.75,2.747,20.25799999999998
2014-09-12,92.18,96.31,2.636,2.734,2.731,19.903999999999996
2014-09-15,92.86,96.43,2.653,2.734,2.729,19.700000000000003
2014-09-16,94.91,97.39,2.668,2.744,2.719,18.210000000000008
2014-09-17,94.33,97.7,2.684,2.731,2.706,19.05600000000001
2014-09-18,93.07,96.82,2.675,2.705,2.68,19.700000000000003
2014-09-19,92.43,96.75,2.707,2.707,2.694,21.263999999999996
2014-09-22,91.46,95.37,2.693,2.684,2.664,21.520000000000024
2014-09-23,91.55,94.87,2.747,2.679,2.664,22.871999999999986
2014-09-24,93.6,94.53,2.795,2.689,2.656,22.30600000000001
2014-09-25,93.59,95.2,2.809,2.695,2.661,22.792
2014-09-26,95.55,95.08,2.767,2.698,2.674,19.698000000000008
2014-09-29,94.53,95.7,2.804,2.698,2.675,21.75399999999999
2014-09-30,91.17,94.67,2.692,2.645,2.627,21.236000000000004
2014-10-01,90.74,94.57,2.605,2.666,2.636,19.524
2014-10-02,91.02,91.29,2.642,2.65,2.622,20.05600000000001
2014-10-03,89.76,90.8,2.593,2.61,2.57,19.384
2014-10-06,90.33,90.65,2.614,2.623,2.583,19.584000000000003
2014-10-07,88.89,90.9,2.56,2.603,2.539,19.232
2014-10-08,87.29,90.25,2.471,2.58,2.505,18.018
2014-10-09,85.76,90.47,2.396,2.519,2.449,16.593999999999994
2014-10-10,85.87,88.66,2.376,2.559,2.519,16.483999999999995
2014-10-13,85.73,87.82,2.365,2.542,2.486,16.078000000000003
2014-10-15,81.82,84.02,2.285,2.46,2.402,16.60000000000001
2014-10-16,82.33,84.02,2.337,2.472,2.4,17.714
2014-10-17,82.8,85.27,2.358,2.507,2.432,18.322000000000003
2014-10-20,82.76,84.42,2.374,2.488,2.413,18.543999999999983
2014-10-21,83.25,85.17,2.402,2.522,2.432,19.314000000000007
2014-10-22,80.52,86.38,2.297,2.471,2.378,18.390000000000015
2014-10-23,82.81,85.94,2.335,2.499,2.406,17.555999999999983
2014-10-24,81.27,86.0,2.324,2.487,2.38,18.61999999999999
2014-10-27,81.27,85.64,2.287,2.468,2.366,17.318000000000012
2014-10-28,81.36,85.57,2.304,2.484,2.39,17.927999999999997
2014-10-29,82.25,86.91,2.341,2.528,2.43,18.689999999999998
2014-10-30,81.06,85.5,2.3,2.509,2.409,18.465999999999994
2014-10-31,80.53,84.17,2.28,2.526,2.424,18.673999999999992
2014-11-03,78.77,84.9,2.218,2.484,2.417,18.11
2014-11-04,77.15,82.12,2.178,2.45,2.378,18.133999999999986
2014-11-05,78.71,82.88,2.204,2.453,2.385,17.344000000000023
2014-11-06,77.87,82.08,2.233,2.469,2.381,19.219999999999985
2014-11-07,78.71,83.2,2.232,2.508,2.416,18.89800000000001
2014-11-10,77.43,82.9,2.214,2.482,2.361,19.310000000000002
2014-11-11,77.85,80.94,2.216,2.478,2.357,18.890000000000015
2014-11-12,77.16,80.42,2.203,2.454,2.314,18.88000000000001
2014-11-13,74.13,77.74,2.116,2.382,2.245,18.466000000000008
2014-11-14,75.91,77.51,2.167,2.472,2.297,19.373999999999995
2014-11-17,75.64,76.86,2.143,2.443,2.268,18.566000000000003
2014-11-18,74.55,77.23,2.15,2.413,2.245,19.431999999999988
2014-11-19,74.55,77.21,2.148,2.391,2.244,19.068000000000012
2014-11-20,75.63,77.61,2.144,2.412,2.275,18.17
2014-11-21,76.52,79.2,2.172,2.437,2.299,18.414000000000016
2014-11-24,75.74,79.62,2.143,2.415,2.288,18.074000000000012
2014-11-25,74.04,77.62,2.138,2.426,2.256,19.787999999999982
2014-11-26,73.7,77.39,2.125,2.4,2.196,19.400000000000006
2014-11-28,65.94,71.89,2.002,2.211,2.026,21.069999999999993
2014-12-01,68.98,70.87,2.005,2.272,2.087,18.96799999999999
2014-12-02,66.99,71.13,1.901,2.207,2.027,17.135999999999996
2014-12-03,66.99,70.13,1.895,2.155,2.005,16.24000000000001
2014-12-04,66.73,68.48,1.869,2.129,2.024,15.408000000000001
2014-12-05,65.89,68.0,1.84,2.124,2.009,15.366
2014-12-08,63.13,65.64,1.766,2.073,1.942,15.339999999999996
2014-12-09,63.74,66.11,1.777,2.121,1.936,15.71
2014-12-10,60.99,63.32,1.705,2.09,1.845,16.009999999999998
2014-12-11,60.01,63.65,1.674,2.112,1.842,16.43
2014-12-12,57.81,61.67,1.641,2.08,1.797,17.257999999999996
2014-12-15,55.96,61.09,1.618,2.037,1.762,17.862000000000002
2014-12-16,55.97,60.26,1.581,2.01,1.765,16.438000000000002
2014-12-17,56.43,59.84,1.606,2.044,1.799,17.154000000000003
2014-12-18,54.18,58.81,1.589,1.974,1.752,17.948
2014-12-19,56.91,58.87,1.64,1.994,1.729,16.926000000000002
2014-12-22,55.25,58.31,1.582,1.953,1.663,16.38799999999999
2014-12-23,56.78,59.07,1.631,1.994,1.604,16.804000000000002
2014-12-24,56.78,58.67,1.575,1.927,1.634,14.297999999999988
2014-12-26,54.59,58.72,1.571,1.917,1.635,16.236000000000004
2014-12-29,53.46,57.86,1.522,1.858,1.547,15.168
2014-12-30,54.14,55.6,1.516,1.861,1.556,14.361999999999995
2014-12-31,53.45,55.27,1.525,1.822,1.666,14.757999999999996
2015-01-02,52.72,55.38,1.492,1.805,1.559,14.326000000000008
2015-01-05,50.05,51.08,1.434,1.768,1.508,14.854
2015-01-06,47.98,50.12,1.389,1.722,1.545,15.020000000000003
2015-01-07,48.69,49.06,1.352,1.711,1.526,13.120000000000005
2015-01-08,48.69,49.43,1.37,1.721,1.536,13.76400000000001
2015-01-09,48.35,47.64,1.336,1.723,1.543,13.18
2015-01-12,46.06,46.9,1.283,1.677,1.422,13.341999999999992
2015-01-13,45.92,45.13,1.284,1.647,1.404,13.09000000000001
2015-01-14,48.49,45.82,1.361,1.665,1.475,12.928000000000004
2015-01-15,46.37,47.66,1.317,1.624,1.451,13.242000000000004
2015-01-16,48.49,47.38,1.382,1.665,1.507,13.515999999999998
2015-01-20,46.79,46.49,1.336,1.638,1.478,13.549999999999997
2015-01-21,47.85,46.5,1.345,1.639,1.474,12.755999999999993
2015-01-22,47.85,46.09,1.353,1.644,1.486,13.049999999999997
2015-01-23,45.26,46.69,1.367,1.645,1.503,16.046000000000006
2015-01-26,45.26,46.07,1.321,1.642,1.497,14.716000000000001
2015-01-27,45.26,46.55,1.355,1.654,1.504,15.835999999999999
2015-01-28,45.26,47.07,1.368,1.63,1.48,15.864000000000004
2015-01-29,45.26,46.61,1.378,1.624,1.474,16.059999999999995
2015-01-30,47.79,47.52,1.462,1.718,1.539,17.198
2015-02-02,47.79,51.74,1.54,1.782,1.647,20.278
2015-02-03,53.04,54.41,1.575,1.846,1.709,16.904000000000003
2015-02-05,50.48,55.98,1.516,1.82,1.675,17.448
2015-02-06,51.66,55.88,1.543,1.853,1.714,17.486000000000004
2015-02-09,52.99,57.0,1.562,1.89,1.754,17.205999999999996
2015-02-10,50.06,55.79,1.557,1.857,1.712,19.533999999999992
2015-02-11,48.8,53.48,1.544,1.84,1.703,20.192000000000007
2015-02-12,51.17,56.23,1.593,1.95,1.8,20.733999999999995
2015-02-13,52.66,60.33,1.617,2.005,1.855,20.686000000000007
2015-02-17,53.56,60.78,1.574,2.003,1.788,18.554000000000002
2015-02-18,52.13,60.72,1.568,1.992,1.787,19.662000000000013
2015-02-19,51.12,58.78,1.623,2.057,1.754,23.122000000000007
2015-02-20,49.95,60.99,1.651,2.191,1.891,26.951999999999998
2015-02-23,49.56,59.78,1.656,2.306,1.844,29.092
2015-02-24,48.48,60.33,1.623,2.111,1.744,26.518000000000008
2015-02-25,50.25,59.77,1.751,2.124,1.824,28.513999999999996
2015-02-26,47.65,61.39,1.739,2.194,1.889,31.758000000000003
2015-02-27,49.84,61.89,1.82,2.223,1.815,32.24199999999999
2015-03-02,49.59,60.75,1.742,2.276,1.726,31.049999999999997
2015-03-03,50.43,61.18,1.763,2.289,1.794,30.979999999999997
2015-03-04,51.53,59.18,1.73,2.091,1.746,26.183999999999997
2015-03-05,50.76,60.33,1.703,1.952,1.747,24.252000000000002
2015-03-06,49.61,59.15,1.691,1.936,1.743,24.842
2015-03-09,49.95,58.67,1.686,1.899,1.699,23.843999999999994
2015-03-10,48.42,55.95,1.634,1.882,1.675,23.680000000000007
2015-03-11,48.06,56.46,1.642,1.91,1.66,24.65599999999999
2015-03-12,47.12,56.66,1.618,1.861,1.626,24.238000000000007
2015-03-13,44.88,54.8,1.563,1.771,1.561,23.67799999999999
2015-03-16,43.93,52.0,1.54,1.779,1.554,24.095999999999997
2015-03-17,43.39,52.17,1.541,1.711,1.536,23.71199999999999
2015-03-18,44.63,52.59,1.616,1.814,1.629,26.014000000000003
2015-03-19,44.02,52.96,1.569,1.738,1.563,24.243999999999993
2015-03-20,46.0,53.88,1.609,1.766,1.566,23.775999999999996
2015-03-23,47.4,53.82,1.629,1.751,1.566,22.726000000000006
2015-03-24,47.03,53.61,1.639,1.714,1.539,22.85799999999999
2015-03-25,48.75,54.18,1.661,1.724,1.554,21.894000000000005
2015-03-26,51.41,57.02,1.708,1.796,1.623,21.558000000000007
2015-03-27,48.83,56.44,1.634,1.735,1.563,21.212000000000003
2015-03-30,48.66,53.99,1.64,1.736,1.591,21.564000000000007
2015-03-31,47.72,53.69,1.615,1.71,1.567,21.439999999999998
2015-04-01,50.12,55.73,1.666,1.741,1.598,20.901999999999994
2015-04-02,49.13,55.73,1.61,1.689,1.544,19.595999999999997
2015-04-06,52.08,55.73,1.755,1.763,1.614,21.74199999999999
2015-04-07,53.95,57.55,1.775,1.79,1.639,20.810000000000002
2015-04-08,50.44,56.42,1.66,1.708,1.568,19.951999999999998
2015-04-09,50.79,56.04,1.67,1.728,1.603,20.162
2015-04-10,51.63,56.82,1.721,1.769,1.639,21.324000000000005
2015-04-13,51.95,57.14,1.715,1.79,1.655,21.129999999999995
2015-04-14,53.3,57.69,1.717,1.809,1.679,20.102000000000004
2015-04-15,56.25,59.32,1.807,1.878,1.747,20.63799999999999
2015-04-16,56.69,60.13,1.825,1.912,1.777,21.177999999999997
2015-04-17,55.71,61.31,1.822,1.893,1.76,21.808
2015-04-20,56.37,61.2,1.818,1.881,1.741,20.868000000000002
2015-04-21,55.58,60.12,1.787,1.857,1.719,20.454000000000008
2015-04-22,56.17,60.12,1.817,1.876,1.739,20.97
2015-04-23,56.59,62.66,1.906,1.926,1.779,23.74199999999999
2015-04-24,55.98,62.96,1.909,1.932,1.777,24.520000000000003
2015-04-27,55.56,62.86,1.906,1.922,1.764,24.715999999999994
2015-04-28,57.05,62.61,1.907,1.92,1.774,23.226
2015-04-29,58.55,63.97,1.909,1.944,1.796,22.117999999999995
2015-04-30,59.62,63.9,1.951,1.977,1.835,22.686
2015-05-01,59.1,64.13,1.947,1.984,1.86,23.192
2015-05-04,58.92,64.62,1.939,1.983,1.867,23.134
2015-05-05,60.38,65.44,1.968,2.017,1.907,22.961999999999996
2015-05-06,60.93,66.22,1.93,2.013,1.904,21.291999999999994
2015-05-07,58.99,64.93,1.889,1.964,1.865,21.39799999999999
2015-05-08,59.41,63.82,1.887,1.96,1.86,20.866
2015-05-11,59.23,62.82,1.88,1.947,1.855,20.668
2015-05-12,60.72,65.09,1.921,1.996,1.883,21.012
2015-05-13,60.5,66.33,1.943,2.0,1.889,21.90400000000001
2015-05-14,59.89,65.58,1.971,2.008,1.896,23.41000000000001
2015-05-15,59.73,64.69,1.97,2.01,1.889,23.57
2015-05-18,59.44,65.15,1.959,1.994,1.871,23.328000000000017
2015-05-19,57.3,63.48,1.916,1.937,1.799,23.466000000000008
2015-05-20,58.96,63.52,1.944,1.943,1.805,22.674
2015-05-21,60.18,64.7,1.998,1.988,1.86,23.595999999999997
2015-05-22,58.88,64.7,1.981,1.957,1.846,23.985999999999997
2015-05-26,57.29,61.65,1.918,1.905,1.794,23.08400000000001
2015-05-27,57.51,61.35,1.87,1.864,1.732,20.946000000000005
2015-05-28,57.69,60.12,1.92,1.881,1.766,22.403999999999996
2015-05-29,60.25,63.16,2.011,1.949,1.842,23.34400000000001
2015-06-01,60.24,62.87,1.988,1.929,1.815,22.43
2015-06-02,61.3,63.14,2.015,1.95,1.82,22.420000000000016
2015-06-03,59.67,62.78,1.986,1.894,1.764,22.454000000000008
2015-06-04,58.0,60.34,1.924,1.846,1.716,21.715999999999994
2015-06-05,59.11,60.36,1.964,1.866,1.711,22.006
2015-06-08,58.15,61.33,1.952,1.855,1.692,22.475999999999992
2015-06-09,60.15,63.23,2.019,1.91,1.757,23.122000000000007
2015-06-10,61.36,64.68,2.092,1.941,1.776,24.39
2015-06-11,60.74,63.76,2.072,1.917,1.767,24.113999999999997
2015-06-12,59.96,63.19,2.07,1.888,1.74,24.431999999999995
2015-06-15,59.53,60.99,2.043,1.869,1.719,23.840000000000003
2015-06-16,60.01,60.75,2.098,1.882,1.729,25.082
2015-06-17,59.89,60.75,2.062,1.903,1.75,24.488
2015-06-18,60.41,61.37,2.041,1.915,1.765,23.548000000000002
2015-06-19,59.62,59.41,2.003,1.863,1.698,22.546
2015-06-22,60.01,60.54,1.985,1.869,1.669,21.735999999999997
2015-06-23,61.05,61.67,2.012,1.916,1.716,22.110000000000014
2015-06-24,60.01,61.63,1.975,1.883,1.708,21.651999999999994
2015-06-25,59.59,60.24,1.951,1.862,1.69,21.10600000000001
2015-06-26,59.41,60.14,1.96,1.861,1.706,21.524
2015-06-29,58.34,59.03,1.93,1.838,1.678,21.432000000000002
2015-06-30,59.48,60.31,1.971,1.879,1.727,22.014000000000017
2015-07-01,56.94,61.65,1.951,1.838,1.685,23.42
2015-07-02,56.93,61.73,1.969,1.827,1.695,23.779999999999994
2015-07-06,52.48,57.19,1.885,1.708,1.581,24.21200000000001
2015-07-07,52.33,54.72,1.91,1.711,1.584,25.104000000000013
2015-07-08,51.61,55.7,1.957,1.706,1.566,27.070000000000007
2015-07-09,52.76,57.83,2.016,1.722,1.577,27.796
2015-07-10,52.74,57.72,1.994,1.725,1.568,27.24200000000001
2015-07-13,52.19,57.63,1.883,1.708,1.566,24.446000000000012
2015-07-14,53.05,57.2,1.873,1.712,1.575,23.361999999999995
2015-07-15,51.4,57.34,1.808,1.665,1.525,22.534000000000013
2015-07-16,50.9,57.31,1.843,1.66,1.515,23.94400000000001
2015-07-17,50.88,56.38,1.876,1.654,1.507,24.803999999999995
2015-07-20,50.11,56.42,1.88,1.649,1.499,25.616
2015-07-21,50.59,55.94,1.867,1.676,1.543,25.14999999999999
2015-07-22,49.27,56.36,1.803,1.668,1.53,24.565999999999995
2015-07-23,48.11,55.76,1.799,1.663,1.533,25.543999999999997
2015-07-24,47.98,54.29,1.768,1.631,1.511,24.35800000000001
2015-07-27,47.17,54.07,1.744,1.584,1.464,23.837999999999994
2015-07-28,47.97,54.3,1.742,1.6,1.485,23.206000000000003
2015-07-29,48.77,54.73,1.778,1.601,1.486,23.42799999999999
2015-07-30,48.53,54.29,1.766,1.6,1.475,23.317999999999998
2015-07-31,47.11,53.29,1.705,1.586,1.455,22.834000000000003
2015-08-03,45.25,49.49,1.751,1.518,1.405,25.03
2015-08-04,45.75,49.08,1.764,1.538,1.431,25.173999999999992
2015-08-05,45.13,49.04,1.674,1.532,1.417,23.18999999999999
2015-08-06,44.69,47.8,1.655,1.543,1.428,23.25200000000001
2015-08-07,43.87,47.54,1.631,1.529,1.412,23.204
2015-08-10,44.94,48.3,1.705,1.576,1.456,24.864000000000004
2015-08-11,43.11,47.33,1.713,1.558,1.433,26.665999999999997
2015-08-12,43.22,48.29,1.772,1.584,1.456,28.572000000000017
2015-08-13,42.27,48.01,1.729,1.562,1.437,28.010000000000012
2015-08-14,42.45,47.79,1.699,1.536,1.415,26.626000000000005
2015-08-17,41.93,47.77,1.669,1.541,1.416,26.375999999999998
2015-08-18,42.58,47.0,1.644,1.54,1.39,25.012
2015-08-19,40.75,45.75,1.56,1.5,1.35,23.929999999999993
2015-08-20,41.0,45.63,1.537,1.477,1.352,22.714
2015-08-21,40.45,43.84,1.556,1.452,1.322,23.44599999999999
2015-08-24,38.22,41.59,1.485,1.383,1.256,22.72200000000001
2015-08-25,39.15,41.86,1.456,1.373,1.243,20.840000000000003
2015-08-26,38.5,41.76,1.386,1.377,1.247,19.58599999999999
2015-08-27,42.47,44.46,1.464,1.488,1.358,19.354000000000006
2015-08-28,45.29,47.97,1.524,1.554,1.443,19.137999999999998
2015-08-31,49.2,47.97,1.651,1.669,1.502,20.39399999999999
2015-09-01,45.38,48.8,1.393,1.55,1.402,15.324000000000005
2015-09-02,46.3,47.67,1.555,1.578,1.453,19.332000000000008
2015-09-03,46.75,50.41,1.561,1.595,1.465,19.287999999999997
2015-09-04,46.02,48.59,1.53,1.565,1.43,18.729999999999997
2015-09-08,45.92,48.88,1.507,1.562,1.426,18.144000000000005
2015-09-09,44.13,48.04,1.474,1.514,1.383,18.337999999999994
2015-09-10,45.85,47.77,1.482,1.539,1.417,17.191999999999993
2015-09-11,44.75,46.87,1.456,1.51,1.395,17.157999999999994
2015-09-14,44.07,45.87,1.387,1.477,1.355,15.444000000000003
2015-09-15,44.58,45.91,1.42,1.478,1.338,15.872
2015-09-16,47.12,49.35,1.463,1.52,1.392,15.12400000000001
2015-09-17,46.93,48.27,1.461,1.502,1.377,15.006
2015-09-18,44.71,47.28,1.423,1.465,1.317,15.644000000000005
2015-09-21,46.67,47.64,1.454,1.475,1.353,14.692
2015-09-22,46.17,46.69,1.469,1.499,1.377,15.948
2015-09-23,44.53,48.0,1.441,1.481,1.366,16.552
2015-09-24,44.94,47.06,1.423,1.51,1.415,16.044000000000004
2015-09-25,45.55,47.28,1.445,1.495,1.408,15.84000000000001
2015-09-28,44.4,46.04,1.4,1.466,1.367,15.323999999999998
2015-09-29,45.24,47.58,1.415,1.487,1.393,15.198000000000008
2015-09-30,45.06,47.29,1.439,1.509,1.422,16.357999999999997
2015-10-01,44.75,47.48,1.422,1.488,1.403,15.897999999999996
2015-10-02,45.54,46.55,1.417,1.482,1.407,14.884
2015-10-05,46.28,49.45,1.459,1.512,1.437,15.740000000000002
2015-10-06,48.53,51.34,1.505,1.573,1.496,15.63199999999999
2015-10-07,47.86,51.66,1.465,1.546,1.449,14.80400000000001
2015-10-08,49.46,52.13,1.477,1.566,1.474,13.820000000000007
2015-10-09,49.67,52.08,1.477,1.545,1.445,13.31600000000001
2015-10-12,47.09,50.95,1.413,1.472,1.372,13.082
2015-10-13,46.7,48.94,1.371,1.432,1.34,11.735999999999997
2015-10-14,46.63,48.25,1.366,1.434,1.341,11.694000000000003
2015-10-15,46.38,47.87,1.375,1.456,1.358,12.50399999999999
2015-10-16,47.3,48.96,1.387,1.453,1.358,11.878
2015-10-19,45.91,47.51,1.32,1.41,1.34,10.790000000000013
2015-10-20,45.84,46.93,1.318,1.418,1.333,10.915999999999997
2015-10-21,45.22,46.72,1.327,1.421,1.346,11.829999999999991
2015-10-22,44.9,46.59,1.367,1.465,1.39,13.886000000000003
2015-10-23,43.91,46.3,1.354,1.444,1.389,14.21800000000001
2015-10-26,43.19,46.57,1.342,1.416,1.353,14.21
2015-10-27,43.21,45.54,1.337,1.407,1.345,13.923999999999992
2015-10-28,45.93,47.6,1.391,1.482,1.407,13.765999999999998
2015-10-29,46.02,48.04,1.392,1.466,1.386,13.479999999999997
2015-10-30,46.6,48.0,1.444,1.488,1.431,14.664000000000001
2015-11-02,46.12,47.91,1.423,1.505,1.412,14.794000000000011
2015-11-03,47.88,48.0,1.49,1.562,1.46,15.707999999999998
2015-11-04,46.32,46.96,1.462,1.5,1.427,15.616
2015-11-05,45.27,47.19,1.433,1.48,1.407,15.573999999999991
2015-11-06,44.32,46.09,1.434,1.494,1.422,16.74799999999999
2015-11-09,43.87,45.38,1.43,1.468,1.403,16.721999999999994
2015-11-10,44.23,46.44,1.422,1.472,1.382,16.194000000000003
2015-11-11,42.95,44.98,1.383,1.44,1.342,15.93399999999999
2015-11-12,41.74,44.98,1.332,1.393,1.306,15.058
2015-11-13,40.69,41.98,1.295,1.369,1.279,14.735999999999997
2015-11-16,41.68,40.28,1.303,1.378,1.283,14.096000000000004
2015-11-17,40.73,41.28,1.288,1.355,1.267,14.304000000000002
2015-11-18,40.75,41.45,1.323,1.365,1.282,15.403999999999996
2015-11-19,40.55,42.22,1.337,1.351,1.273,15.799999999999997
2015-11-20,39.39,42.49,1.33,1.343,1.251,16.652
2015-11-23,39.27,43.7,1.361,1.359,1.264,17.86399999999999
2015-11-24,40.89,44.38,1.389,1.384,1.289,17.378
2015-11-25,41.22,43.56,1.373,1.383,1.303,16.586000000000006
2015-11-27,40.57,43.07,1.36,1.338,1.258,16.242000000000004
2015-11-30,40.43,43.73,1.377,1.345,1.237,16.956000000000003
2015-12-01,40.58,42.97,1.427,1.351,1.244,18.290000000000006
2015-12-02,39.93,41.92,1.368,1.268,1.19,16.126000000000005
2015-12-03,41.08,42.0,1.338,1.306,1.236,14.668000000000013
2015-12-04,40.0,41.44,1.316,1.301,1.221,15.062000000000005
2015-12-07,37.64,39.69,1.228,1.24,1.2,14.104
2015-12-08,37.46,39.44,1.212,1.224,1.179,13.612000000000002
2015-12-09,37.16,39.04,1.246,1.208,1.161,14.640000000000008
2015-12-10,36.76,38.65,1.283,1.178,1.131,15.655999999999999
2015-12-11,35.65,36.99,1.279,1.105,1.035,15.632000000000005
2015-12-14,36.31,36.51,1.247,1.084,0.996,13.782000000000004
2015-12-15,37.32,37.66,1.249,1.106,1.016,13.13600000000001
2015-12-16,35.55,36.96,1.259,1.08,0.997,14.821999999999996
2015-12-17,34.98,36.29,1.282,1.062,1.002,15.784000000000006
2015-12-18,34.72,36.76,1.287,1.068,1.023,16.268
2015-12-21,34.55,35.34,1.208,1.053,1.009,14.015999999999998
2015-12-22,36.12,35.26,1.191,1.049,1.013,11.914000000000001
2015-12-23,36.76,35.79,1.27,1.095,1.055,14.13000000000001
2015-12-24,37.62,37.22,1.278,1.079,1.035,13.27000000000001
2015-12-28,36.36,37.08,1.248,1.063,1.013,13.466000000000001
2015-12-29,37.88,36.85,1.298,1.104,1.052,13.920000000000002
2015-12-30,36.59,35.65,1.271,1.041,1.019,13.571999999999996
2015-12-31,37.13,36.61,1.284,1.042,1.026,13.409999999999997
2016-01-04,36.81,36.28,1.297,1.089,1.039,14.751999999999988
2016-01-05,35.97,35.56,1.264,1.085,1.035,14.612000000000002
2016-01-06,33.97,33.89,1.167,1.044,0.994,13.322000000000003
2016-01-07,33.29,33.57,1.155,1.049,0.972,13.736000000000004
2016-01-08,33.2,31.67,1.133,1.011,0.954,12.67799999999999
2016-01-11,31.42,30.14,1.117,0.975,0.925,13.505999999999993
2016-01-12,30.42,29.14,1.098,0.962,0.912,13.792000000000009
2016-01-13,30.42,28.58,1.067,0.927,0.887,12.434000000000005
2016-01-14,31.22,28.84,1.092,0.932,0.903,12.404000000000003
2016-01-15,29.45,28.8,1.043,0.906,0.868,12.437999999999999
2016-01-19,28.47,27.36,1.057,0.883,0.849,13.488
2016-01-20,26.68,26.01,1.052,0.862,0.804,14.844000000000001
2016-01-21,29.55,27.59,1.066,0.891,0.835,12.772000000000002
2016-01-22,32.07,30.46,1.11,0.995,0.912,12.939999999999998
2016-01-25,30.31,29.82,1.053,0.923,0.865,12.096
2016-01-26,29.54,30.94,1.08,0.96,0.909,14.14
2016-01-27,32.32,31.83,1.074,1.018,0.963,12.004000000000005
2016-01-28,33.21,33.01,1.131,1.048,0.995,13.130000000000003
2016-01-29,33.66,33.14,1.152,1.062,1.013,13.463999999999999
2016-02-01,31.62,32.45,1.124,1.037,0.974,14.370000000000001
2016-02-02,29.9,30.98,1.028,0.996,0.936,12.828000000000003
2016-02-03,32.29,32.38,1.06,1.077,1.047,12.468000000000004
2016-02-04,31.63,32.76,1.055,1.074,1.041,12.946000000000002
2016-02-05,30.86,32.35,1.025,1.059,1.024,12.66599999999999
2016-02-08,29.71,31.64,0.994,1.043,1.018,12.723999999999997
2016-02-09,27.96,30.15,0.947,0.978,0.946,12.247999999999998
2016-02-10,27.54,29.64,0.978,0.97,0.925,13.424
2016-02-11,26.19,28.82,0.984,0.987,0.945,15.180000000000003
2016-02-12,29.32,31.8,1.066,1.043,1.002,15.13000000000001
2016-02-16,29.05,31.09,0.99,1.027,0.954,13.047999999999991
2016-02-17,30.68,33.21,1.013,1.074,1.008,12.719999999999999
2016-02-18,30.77,33.2,1.244,1.066,1.001,18.986
2016-02-19,29.59,31.66,1.233,1.022,0.957,19.242
2016-02-22,31.37,33.59,1.269,1.044,0.949,18.777999999999995
2016-02-23,31.84,31.9,0.985,1.012,0.902,9.907999999999998
2016-02-24,30.35,31.5,1.028,1.034,0.934,12.909999999999997
2016-02-25,31.4,32.83,1.055,1.051,0.943,12.854
2016-02-26,31.65,35.76,1.027,1.045,0.935,11.735999999999997
2016-02-29,32.74,35.92,1.05,1.07,0.991,11.64
2016-03-01,34.39,35.73,1.053,1.084,0.996,10.270000000000003
2016-03-02,34.57,36.38,1.062,1.093,0.998,10.468000000000004
2016-03-03,34.56,35.75,1.028,1.11,1.002,9.764000000000003
2016-03-04,35.91,37.61,1.041,1.155,1.048,9.407999999999994
2016-03-07,37.9,39.02,1.097,1.211,1.096,9.769999999999996
2016-03-08,36.67,39.16,1.097,1.187,1.072,10.664000000000001
2016-03-09,37.62,40.26,1.185,1.219,1.109,12.626000000000005
2016-03-10,37.77,38.63,1.173,1.22,1.09,12.154000000000003
2016-03-11,38.51,39.41,1.182,1.219,1.089,11.652000000000001
2016-03-14,37.2,38.06,1.157,1.198,1.068,11.967999999999996
2016-03-15,36.32,37.49,1.151,1.181,1.054,12.442
2016-03-16,38.43,38.38,1.185,1.228,1.105,11.942000000000007
2016-03-17,40.17,39.29,1.205,1.248,1.126,11.041999999999994
2016-03-18,39.47,39.26,1.209,1.25,1.11,11.882000000000005
2016-03-21,39.91,39.91,1.232,1.241,1.101,11.960000000000008
2016-03-22,41.45,40.54,1.273,1.25,1.14,11.693999999999996
2016-03-23,38.28,38.84,1.286,1.205,1.095,14.598000000000006
2016-03-24,38.14,38.33,1.321,1.199,1.064,15.634
2016-03-28,37.99,38.33,1.326,1.181,1.061,15.671999999999997
2016-03-29,36.91,36.75,1.323,1.162,1.012,16.401999999999994
2016-03-30,36.91,36.75,1.369,1.162,1.028,17.689999999999998
2016-03-31,36.94,36.75,1.351,1.176,1.056,17.351999999999997
2016-04-01,35.36,36.42,1.321,1.134,1.005,17.503999999999998
2016-04-04,34.3,36.05,1.315,1.074,0.967,17.555999999999997
2016-04-05,34.52,35.88,1.322,1.063,0.951,17.378
2016-04-06,37.74,37.77,1.339,1.127,1.045,15.530000000000001
2016-04-07,37.3,37.15,1.332,1.103,1.036,15.438000000000002
2016-04-08,39.74,40.71,1.424,1.186,1.098,16.735999999999997
2016-04-11,40.46,41.58,1.468,1.207,1.12,17.542
2016-04-12,42.12,43.02,1.489,1.275,1.18,17.422000000000004
2016-04-13,41.7,42.81,1.483,1.261,1.166,17.477999999999994
2016-04-14,41.45,43.02,1.464,1.256,1.158,17.125999999999998
2016-04-15,40.4,41.32,1.426,1.237,1.112,16.846000000000004
2016-04-18,39.74,41.64,1.4,1.246,1.119,16.903999999999996
2016-04-19,40.88,43.02,1.451,1.267,1.154,17.486000000000004
2016-04-20,42.72,43.09,1.462,1.331,1.217,16.849999999999994
2016-04-21,43.18,43.48,1.491,1.312,1.185,16.936000000000007
2016-04-22,42.76,43.97,1.504,1.314,1.177,17.748000000000005
2016-04-25,41.67,42.97,1.489,1.305,1.175,18.291999999999994
2016-04-26,42.52,43.94,1.542,1.337,1.207,19.373999999999995
2016-04-27,45.29,44.17,1.555,1.381,1.251,17.584000000000003
2016-04-28,46.03,45.6,1.569,1.395,1.397,17.431999999999995
2016-04-29,45.98,45.64,1.571,1.385,1.377,17.39800000000001
2016-05-02,44.75,45.82,1.535,1.356,1.213,17.214
2016-05-03,43.65,43.09,1.493,1.336,1.193,16.858000000000004
2016-05-04,43.77,43.08,1.478,1.337,1.202,16.331999999999994
2016-05-05,44.33,44.39,1.474,1.33,1.203,15.561999999999998
2016-05-06,44.58,44.6,1.481,1.334,1.209,15.564000000000007
2016-05-09,43.45,42.43,1.413,1.28,1.155,14.033999999999999
2016-05-10,44.68,44.01,1.46,1.34,1.213,14.960000000000008
2016-05-11,46.21,46.08,1.545,1.393,1.264,16.552
2016-05-12,46.64,46.43,1.548,1.391,1.262,16.178000000000004
2016-05-13,46.22,47.05,1.558,1.402,1.29,17.032000000000004
2016-05-16,47.72,48.49,1.589,1.441,1.329,16.945999999999998
2016-05-17,48.29,48.71,1.644,1.472,1.357,18.35
2016-05-18,48.12,48.93,1.627,1.477,1.362,18.113999999999997
2016-05-19,48.16,47.01,1.631,1.47,1.358,18.088000000000008
2016-05-20,47.67,48.54,1.618,1.49,1.378,18.494
2016-05-23,48.12,47.77,1.628,1.475,1.363,18.113999999999997
2016-05-24,48.04,48.42,1.639,1.5,1.375,18.851999999999997
2016-05-25,49.1,48.87,1.629,1.511,1.383,17.666000000000004
2016-05-26,49.0,49.52,1.597,1.494,1.367,16.63199999999999
2016-05-27,49.36,49.09,1.637,1.492,1.37,17.364000000000004
2016-05-31,49.1,49.26,1.59,1.485,1.36,16.21
2016-06-01,49.07,48.81,1.611,1.503,1.373,17.080000000000005
2016-06-02,49.14,49.05,1.607,1.488,1.378,16.688000000000002
2016-06-03,48.69,48.5,1.583,1.482,1.362,16.382000000000005
2016-06-06,49.71,48.94,1.565,1.49,1.375,14.970000000000006
2016-06-07,50.37,49.76,1.57,1.535,1.418,15.080000000000005
2016-06-08,51.23,50.73,1.604,1.571,1.454,15.676000000000009
2016-06-09,50.52,50.59,1.591,1.546,1.424,15.672000000000004
2016-06-10,49.09,49.7,1.534,1.512,1.392,15.029999999999987
2016-06-13,48.89,49.36,1.501,1.503,1.381,14.179999999999993
2016-06-14,48.49,47.88,1.462,1.497,1.374,13.403999999999996
2016-06-15,47.92,47.47,1.444,1.467,1.349,13.049999999999997
2016-06-16,46.14,45.66,1.401,1.419,1.304,12.953999999999994
2016-06-17,48.0,46.57,1.443,1.481,1.366,13.138000000000005
2016-06-20,49.4,48.68,1.511,1.515,1.4,14.117999999999995
2016-06-21,48.95,48.18,1.494,1.502,1.395,13.90999999999999
2016-06-22,49.16,48.43,1.487,1.487,1.384,13.294000000000011
2016-06-23,49.34,48.63,1.517,1.517,1.407,14.373999999999995
2016-06-24,46.7,46.69,1.444,1.456,1.349,14.115999999999993
2016-06-27,45.8,45.07,1.419,1.418,1.326,13.784000000000006
2016-06-28,47.93,46.29,1.441,1.451,1.358,12.732000000000006
2016-06-29,49.85,48.4,1.466,1.513,1.441,12.379999999999995
2016-06-30,48.27,48.05,1.43,1.456,1.396,12.153999999999996
2016-07-01,49.02,47.65,1.453,1.496,1.424,12.608000000000004
2016-07-05,46.73,45.64,1.358,1.431,1.358,11.328000000000003
2016-07-06,47.37,45.7,1.4,1.459,1.364,12.256
2016-07-07,45.22,45.93,1.324,1.397,1.302,11.410000000000004
2016-07-08,45.37,44.53,1.328,1.375,1.302,11.064000000000007
2016-07-11,44.73,44.04,1.336,1.373,1.303,11.899999999999999
2016-07-12,46.82,46.72,1.376,1.438,1.345,11.839999999999996
2016-07-13,44.87,44.67,1.376,1.438,1.279,13.79
2016-07-14,45.64,46.01,1.366,1.382,1.288,11.956000000000003
2016-07-15,45.93,46.25,1.387,1.376,1.251,12.169999999999995
2016-07-18,45.23,45.35,1.351,1.357,1.242,11.596000000000004
2016-07-19,44.64,45.7,1.341,1.36,1.255,11.948
2016-07-20,44.96,45.82,1.329,1.37,1.277,11.431999999999995
2016-07-21,43.96,44.99,1.32,1.337,1.239,11.717999999999996
2016-07-22,43.41,44.24,1.331,1.331,1.231,12.492000000000012
2016-07-25,42.4,43.76,1.32,1.282,1.192,12.50800000000001
2016-07-26,42.16,43.56,1.343,1.282,1.192,13.392000000000003
2016-07-27,41.9,42.78,1.317,1.278,1.163,12.868000000000002
2016-07-28,41.13,41.87,1.298,1.258,1.142,12.825999999999993
2016-07-29,41.54,40.76,1.323,1.262,1.144,13.171999999999997
2016-08-01,40.05,40.17,1.307,1.25,1.133,14.046000000000006
2016-08-02,39.5,40.0,1.298,1.226,1.131,14.008000000000003
2016-08-03,40.8,40.45,1.343,1.261,1.156,14.458000000000006
2016-08-04,41.92,41.33,1.347,1.305,1.18,14.065999999999995
2016-08-05,41.83,42.47,1.359,1.306,1.193,14.506000000000007
2016-08-08,43.06,43.24,1.332,1.325,1.213,12.786000000000001
2016-08-09,42.78,43.37,1.314,1.317,1.202,12.449999999999996
2016-08-10,41.75,42.19,1.278,1.295,1.185,12.164000000000009
2016-08-11,43.51,44.23,1.342,1.357,1.249,13.064000000000007
2016-08-12,44.47,45.12,1.358,1.39,1.283,13.014000000000003
2016-08-15,45.72,47.31,1.387,1.44,1.321,13.276000000000003
2016-08-16,46.57,48.27,1.408,1.452,1.333,13.181999999999988
2016-08-17,46.81,48.58,1.439,1.479,1.361,14.187999999999995
2016-08-18,48.2,49.46,1.476,1.514,1.396,14.323999999999998
2016-08-19,48.48,49.39,1.497,1.502,1.384,14.463999999999999
2016-08-22,46.8,48.1,1.47,1.472,1.355,14.968000000000004
2016-08-23,47.54,48.7,1.416,1.48,1.37,12.827999999999996
2016-08-24,46.29,47.56,1.396,1.473,1.403,13.420000000000002
2016-08-25,46.97,49.25,1.414,1.502,1.424,13.650000000000006
2016-08-26,47.64,49.66,1.422,1.487,1.412,12.993999999999993
2016-08-29,46.97,49.66,1.395,1.48,1.4,12.810000000000002
2016-08-30,46.32,47.94,1.372,1.464,1.384,12.591999999999999
2016-08-31,44.68,47.94,1.336,1.398,1.327,12.299999999999997
2016-09-01,43.17,45.05,1.37,1.377,1.274,14.468000000000004
2016-09-02,44.39,45.96,1.38,1.39,1.278,13.709999999999994
2016-09-06,44.85,46.21,1.384,1.395,1.296,13.432000000000002
2016-09-07,45.47,47.0,1.415,1.41,1.321,13.889999999999993
2016-09-08,47.63,49.23,1.463,1.455,1.373,13.704
2016-09-09,45.88,48.37,1.424,1.414,1.327,13.787999999999997
2016-09-12,46.28,47.82,1.439,1.417,1.332,13.850000000000001
2016-09-13,44.91,46.48,1.394,1.409,1.319,13.848000000000006
2016-09-14,43.62,45.65,1.383,1.372,1.282,14.311999999999998
2016-09-15,43.85,45.83,1.432,1.394,1.306,15.761999999999993
2016-09-16,43.04,45.26,1.549,1.393,1.298,19.833999999999996
2016-09-19,43.34,46.04,1.501,1.394,1.284,18.203999999999986
2016-09-20,43.85,45.24,1.409,1.396,1.286,15.146
2016-09-21,45.33,45.99,1.44,1.427,1.32,14.968000000000004
2016-09-22,46.1,47.21,1.434,1.437,1.337,14.170000000000002
2016-09-23,44.36,46.71,1.418,1.399,1.299,14.93
2016-09-26,45.6,46.61,1.418,1.427,1.324,14.081999999999994
2016-09-27,44.65,44.95,1.454,1.398,1.297,15.633999999999993
2016-09-28,47.07,45.49,1.528,1.476,1.369,16.378
2016-09-29,47.72,48.43,1.53,1.502,1.397,16.148000000000003
2016-09-30,47.72,48.24,1.498,1.523,1.418,15.546
2016-10-03,48.8,48.61,1.51,1.545,1.451,15.110000000000007
2016-10-04,48.67,48.81,1.534,1.547,1.445,15.939999999999998
2016-10-05,49.75,49.57,1.519,1.57,1.467,14.762
2016-10-06,50.44,50.14,1.492,1.6,1.49,13.736000000000004
2016-10-07,49.76,50.49,1.473,1.572,1.465,13.492000000000012
2016-10-10,49.76,51.54,1.473,1.572,1.465,13.492000000000012
2016-10-11,50.72,50.48,1.501,1.581,1.479,13.441999999999993
2016-10-12,50.14,49.53,1.479,1.56,1.46,13.112000000000002
2016-10-13,50.47,49.29,1.52,1.563,1.468,13.972000000000008
2016-10-14,50.35,48.87,1.541,1.555,1.46,14.56799999999999
2016-10-17,49.97,49.31,1.539,1.545,1.447,14.751999999999995
2016-10-18,50.3,49.81,1.542,1.559,1.462,14.701999999999998
2016-10-19,51.59,51.85,1.552,1.576,1.473,13.929999999999993
2016-10-20,50.31,50.42,1.538,1.551,1.451,14.468000000000004
2016-10-21,50.61,50.28,1.574,1.566,1.466,15.385999999999996
2016-10-24,50.18,49.8,1.539,1.574,1.469,14.948
2016-10-25,49.45,49.08,1.541,1.565,1.45,15.60799999999999
2016-10-26,48.75,48.98,1.533,1.554,1.441,15.929999999999993
2016-10-27,49.71,49.13,1.532,1.563,1.456,15.068000000000005
2016-10-28,48.72,47.78,1.524,1.543,1.436,15.554000000000002
2016-10-31,46.83,46.2,1.498,1.484,1.395,15.89
2016-11-01,46.66,45.77,1.522,1.512,1.412,17.124000000000002
2016-11-02,45.32,44.26,1.58,1.472,1.362,19.528
2016-11-03,44.66,43.84,1.545,1.451,1.346,18.91400000000001
2016-11-04,44.07,43.06,1.499,1.426,1.324,17.866
2016-11-07,44.88,42.83,1.48,1.438,1.335,16.692
2016-11-08,44.96,43.47,1.487,1.428,1.325,16.668000000000006
2016-11-09,45.2,43.88,1.478,1.436,1.336,16.287999999999997
2016-11-10,44.62,43.67,1.445,1.416,1.32,15.664000000000001
2016-11-11,43.39,41.61,1.404,1.388,1.28,15.353999999999992
2016-11-14,43.29,41.83,1.385,1.379,1.272,14.796000000000006
2016-11-15,45.86,44.15,1.397,1.437,1.33,13.374000000000002
2016-11-16,45.56,45.07,1.375,1.421,1.313,12.834000000000003
2016-11-17,45.37,44.57,1.393,1.431,1.321,13.668000000000006
2016-11-18,45.69,44.41,1.393,1.449,1.339,13.600000000000001
2016-11-21,47.48,45.96,1.455,1.523,1.413,14.581999999999994
2016-11-22,48.07,46.1,1.458,1.527,1.409,14.131999999999998
2016-11-23,46.72,46.54,1.479,1.51,1.4,15.832
2016-11-25,46.72,46.32,1.479,1.51,1.4,15.832
2016-11-28,45.66,46.64,1.464,1.501,1.391,16.346000000000004
2016-11-29,45.29,44.68,1.438,1.463,1.351,15.456000000000003
2016-11-30,49.41,47.95,1.536,1.556,1.444,15.382000000000005
2016-12-01,51.08,52.28,1.6,1.636,1.484,16.623999999999995
2016-12-02,51.7,52.35,1.606,1.65,1.497,16.367999999999995
2016-12-05,51.72,53.3,1.605,1.628,1.488,16.011999999999986
2016-12-06,50.95,52.31,1.584,1.604,1.476,15.858000000000004
2016-12-07,49.85,51.9,1.565,1.588,1.371,16.202000000000005
2016-12-08,50.84,51.6,1.561,1.596,1.436,15.212000000000003
2016-12-09,51.51,52.19,1.559,1.609,1.451,14.668
2016-12-12,52.74,53.99,1.598,1.646,1.482,15.047999999999995
2016-12-13,52.99,53.28,1.604,1.64,1.485,14.881999999999998
2016-12-14,51.01,53.15,1.59,1.614,1.481,16.106
2016-12-15,50.9,51.72,1.599,1.618,1.478,16.523999999999994
2016-12-16,51.93,54.15,1.623,1.65,1.51,16.613999999999997
2016-12-19,52.13,53.53,1.622,1.637,1.5,16.204
2016-12-20,52.22,54.56,1.658,1.643,1.508,17.206000000000003
2016-12-21,51.44,53.01,1.66,1.618,1.468,17.692000000000007
2016-12-22,51.98,54.04,1.66,1.643,1.483,17.502000000000002
2016-12-23,52.01,53.93,1.674,1.659,1.519,18.088
2016-12-27,52.82,53.93,1.711,1.691,1.543,18.762000000000008
2016-12-28,54.01,54.95,1.739,1.694,1.534,18.398000000000003
2016-12-29,53.8,54.97,1.729,1.7,1.545,18.412000000000006
2016-12-30,53.75,54.96,1.722,1.707,1.552,18.36399999999999
2017-01-03,52.36,55.05,1.682,1.661,1.528,17.989999999999995
2017-01-04,53.26,54.57,1.697,1.666,1.534,17.57999999999999
2017-01-05,53.77,54.99,1.695,1.674,1.541,17.125999999999998
2017-01-06,53.98,55.9,1.68,1.675,1.542,16.510000000000012
2017-01-09,51.95,54.39,1.615,1.613,1.481,15.852000000000004
2017-01-10,50.82,53.2,1.577,1.585,1.464,15.52599999999999
2017-01-11,52.19,53.61,1.635,1.631,1.51,16.423999999999992
2017-01-12,53.01,54.51,1.659,1.651,1.544,16.55599999999999
2017-01-13,52.36,54.37,1.654,1.634,1.529,16.82799999999999
2017-01-17,52.45,54.68,1.644,1.629,1.514,16.388000000000005
2017-01-18,51.12,53.77,1.594,1.594,1.484,15.82800000000001
2017-01-19,51.39,53.18,1.579,1.588,1.486,15.054000000000002
2017-01-20,52.33,55.04,1.606,1.613,1.511,15.219999999999999
2017-01-23,52.77,54.8,1.6,1.596,1.516,14.374000000000002
2017-01-24,52.38,54.7,1.594,1.605,1.522,14.722000000000001
2017-01-25,52.14,54.34,1.552,1.583,1.503,13.477999999999994
2017-01-26,53.24,55.89,1.57,1.607,1.526,13.217999999999996
2017-01-27,53.18,54.8,1.556,1.579,1.498,12.493999999999993
2017-01-30,52.63,54.77,1.528,1.578,1.493,12.245999999999988
2017-01-31,52.75,55.25,1.555,1.594,1.5,13.106000000000009
2017-02-01,53.9,55.79,1.605,1.648,1.536,14.112000000000002
2017-02-02,53.55,55.94,1.567,1.638,1.525,13.257999999999996
2017-02-03,53.81,55.92,1.561,1.647,1.534,12.956000000000003
2017-02-06,53.01,55.02,1.508,1.62,1.508,11.893999999999998
2017-02-07,52.19,53.79,1.483,1.593,1.493,11.636000000000003
2017-02-08,52.37,54.42,1.546,1.607,1.504,13.416000000000004
2017-02-09,52.99,53.98,1.564,1.622,1.558,13.509999999999998
2017-02-10,53.84,55.2,1.581,1.645,1.581,13.457999999999998
2017-02-13,52.96,54.15,1.556,1.604,1.551,13.064
2017-02-14,53.21,54.96,1.552,1.612,1.555,12.814
2017-02-15,53.11,54.57,1.565,1.603,1.55,13.152000000000001
2017-02-16,53.41,54.16,1.539,1.6,1.548,12.082000000000008
2017-02-17,53.41,54.48,1.525,1.615,1.557,11.900000000000006
2017-02-21,54.02,56.34,1.512,1.632,1.577,11.163999999999994
2017-02-22,53.61,54.9,1.534,1.619,1.562,12.007999999999996
2017-02-23,54.48,55.82,1.548,1.644,1.587,11.880000000000003
2017-02-24,53.99,54.69,1.545,1.641,1.549,12.243999999999993
2017-02-27,54.04,54.65,1.57,1.642,1.562,12.907999999999994
2017-02-28,54.0,53.36,1.549,1.638,1.555,12.303999999999988
2017-03-01,53.82,55.72,1.455,1.607,1.531,9.418
2017-03-02,52.63,54.16,1.438,1.564,1.488,9.530000000000001
2017-03-03,53.33,54.12,1.45,1.579,1.499,9.375999999999998
2017-03-06,53.19,54.73,1.496,1.588,1.527,10.930000000000007
2017-03-07,52.68,54.61,1.494,1.593,1.532,11.454
2017-03-08,49.83,53.3,1.482,1.552,1.48,13.393999999999998
2017-03-09,48.75,50.65,1.493,1.53,1.458,14.47400000000001
2017-03-10,48.05,50.63,1.456,1.499,1.427,13.704
2017-03-13,47.95,50.1,1.442,1.493,1.396,13.327999999999996
2017-03-14,47.24,49.6,1.452,1.493,1.396,14.31799999999999
2017-03-15,48.34,50.63,1.46,1.513,1.41,13.721999999999987
2017-03-16,48.3,50.56,1.457,1.499,1.399,13.482000000000006
2017-03-17,48.34,50.58,1.459,1.494,1.404,13.427999999999997
2017-03-20,47.79,50.67,1.492,1.505,1.41,15.056000000000004
2017-03-21,47.02,50.14,1.485,1.497,1.412,15.518
2017-03-22,47.29,49.56,1.484,1.491,1.406,15.13600000000001
2017-03-23,47.0,50.17,1.483,1.482,1.402,15.271999999999998
2017-03-24,47.3,49.97,1.512,1.501,1.416,16.049999999999997
2017-03-27,47.02,50.12,1.519,1.497,1.412,16.47
2017-03-28,48.36,50.72,1.546,1.513,1.433,16.11
2017-03-29,49.47,51.36,1.575,1.534,1.455,16.105999999999995
2017-03-30,50.3,52.25,1.585,1.56,1.473,15.919999999999987
2017-03-31,50.54,52.2,1.6,1.572,1.481,16.268000000000008
2017-04-03,50.25,52.04,1.593,1.563,1.471,16.236000000000004
2017-04-04,50.99,53.08,1.633,1.592,1.51,17.022
2017-04-05,51.14,53.41,1.617,1.594,1.511,16.451999999999998
2017-04-06,51.69,53.62,1.686,1.578,1.528,17.61
2017-04-07,52.25,54.24,1.649,1.623,1.543,16.64399999999999
2017-04-10,53.06,54.79,1.67,1.646,1.563,16.743999999999986
2017-04-11,53.38,54.73,1.665,1.648,1.566,16.312000000000005
2017-04-12,53.12,54.75,1.648,1.643,1.563,16.026000000000003
2017-04-13,53.19,55.05,1.649,1.643,1.573,15.983999999999995
2017-04-17,52.62,54.79,1.636,1.63,1.56,16.00799999999999
2017-04-18,52.46,52.6,1.653,1.618,1.539,16.475999999999992
2017-04-19,50.49,52.43,1.601,1.578,1.499,16.43
2017-04-20,50.26,50.66,1.615,1.571,1.492,16.954
2017-04-21,49.64,49.93,1.599,1.542,1.466,16.72
2017-04-24,48.9,49.45,1.577,1.531,1.455,16.68999999999999
2017-04-25,49.22,49.37,1.57,1.542,1.47,16.328000000000003
2017-04-26,49.22,49.99,1.527,1.522,1.45,14.844000000000008
2017-04-27,48.96,49.46,1.506,1.508,1.438,14.32
2017-04-28,49.31,49.46,1.484,1.502,1.425,13.270000000000003
2017-05-01,48.83,50.41,1.476,1.486,1.408,13.302
2017-05-02,47.65,49.31,1.469,1.471,1.376,14.076
2017-05-03,47.79,48.82,1.475,1.467,1.372,14.048000000000002
2017-05-04,45.55,47.53,1.428,1.409,1.314,14.160000000000004
2017-05-05,46.23,47.45,1.452,1.445,1.352,14.655999999999999
2017-05-08,46.46,46.61,1.462,1.457,1.357,14.874000000000002
2017-05-09,45.84,47.06,1.434,1.44,1.34,14.471999999999987
2017-05-10,47.28,48.09,1.492,1.473,1.373,15.118000000000002
2017-05-11,47.81,49.18,1.513,1.49,1.387,15.413999999999987
2017-05-12,47.83,49.08,1.528,1.489,1.386,15.800000000000004
2017-05-15,48.86,51.29,1.539,1.504,1.398,15.287999999999997
2017-05-16,48.64,51.21,1.562,1.514,1.403,16.292
2017-05-17,49.04,51.76,1.566,1.528,1.424,16.20000000000001
2017-05-18,49.36,51.71,1.566,1.536,1.435,15.992000000000004
2017-05-19,50.32,52.78,1.611,1.574,1.473,16.824000000000005
2017-05-22,50.81,53.35,1.62,1.593,1.489,16.852000000000004
2017-05-23,51.12,53.19,1.626,1.605,1.498,16.878000000000007
2017-05-24,50.99,53.29,1.617,1.606,1.499,16.770000000000003
2017-05-25,48.57,52.25,1.576,1.549,1.445,17.244000000000007
2017-05-26,49.58,50.84,1.612,1.567,1.459,17.494
2017-05-30,49.63,50.65,1.602,1.546,1.44,16.869999999999997
2017-05-31,48.29,49.4,1.58,1.507,1.398,17.04800000000001
2017-06-01,48.32,50.41,1.573,1.491,1.367,16.598000000000006
2017-06-02,47.68,48.46,1.558,1.48,1.356,16.66400000000001
2017-06-05,47.4,48.25,1.512,1.449,1.323,15.221999999999994
2017-06-06,48.13,48.11,1.53,1.459,1.332,15.135999999999996
2017-06-07,45.8,47.08,1.453,1.416,1.281,14.708000000000006
2017-06-08,45.68,46.3,1.449,1.412,1.282,14.660000000000004
2017-06-09,45.82,46.64,1.46,1.423,1.291,14.982
2017-06-12,46.1,47.18,1.441,1.413,1.288,14.030000000000001
2017-06-13,46.41,46.95,1.458,1.438,1.313,14.546
2017-06-14,44.79,45.47,1.385,1.402,1.275,13.617999999999995
2017-06-15,44.47,45.61,1.389,1.402,1.28,14.050000000000004
2017-06-16,44.73,45.7,1.404,1.418,1.293,14.433999999999997
2017-06-19,44.24,45.93,1.404,1.402,1.277,14.699999999999996
2017-06-20,43.34,43.98,1.376,1.389,1.268,14.633999999999993
2017-06-21,42.48,44.62,1.368,1.35,1.242,14.72400000000001
2017-06-22,42.53,44.46,1.393,1.358,1.251,15.485999999999997
2017-06-23,42.86,44.14,1.399,1.371,1.236,15.506000000000007
2017-06-26,43.24,44.09,1.408,1.377,1.252,15.461999999999996
2017-06-27,44.25,46.17,1.425,1.396,1.284,15.193999999999996
2017-06-28,44.74,46.45,1.455,1.425,1.309,15.949999999999996
2017-06-29,44.88,47.02,1.454,1.44,1.327,15.99199999999999
2017-06-30,46.02,47.08,1.493,1.473,1.364,16.406000000000006
2017-07-05,45.11,47.58,1.482,1.468,1.351,16.938000000000002
2017-07-06,45.52,48.53,1.51,1.467,1.355,17.298000000000002
2017-07-07,44.25,46.47,1.492,1.443,1.328,17.728
2017-07-10,44.4,46.57,1.505,1.448,1.331,18.012
2017-07-11,45.06,46.68,1.522,1.473,1.355,18.177999999999997
2017-07-12,45.48,46.73,1.522,1.469,1.351,17.701999999999998
2017-07-13,46.06,47.65,1.531,1.489,1.369,17.653999999999996
2017-07-14,46.53,47.89,1.565,1.514,1.397,18.486000000000004
2017-07-17,46.02,47.66,1.561,1.5,1.377,18.687999999999995
2017-07-18,46.4,47.92,1.581,1.511,1.412,19.022
2017-07-19,47.1,48.34,1.627,1.554,1.46,20.211999999999996
2017-07-20,46.73,48.54,1.619,1.547,1.453,20.260000000000012
2017-07-21,45.78,47.47,1.569,1.516,1.424,19.37599999999999
2017-07-24,46.21,47.81,1.559,1.518,1.428,18.693999999999996
2017-07-25,47.77,49.19,1.603,1.567,1.477,19.051999999999985
2017-07-26,48.58,50.08,1.601,1.595,1.507,18.578000000000003
2017-07-27,49.05,50.67,1.626,1.605,1.521,18.948000000000008
2017-07-28,49.72,52.0,1.658,1.64,1.554,19.664
2017-07-31,50.21,51.99,1.686,1.663,1.573,20.279999999999994
2017-08-01,49.19,50.77,1.678,1.639,1.544,20.739999999999995
2017-08-02,49.6,52.09,1.656,1.648,1.553,19.839999999999996
2017-08-03,49.03,52.88,1.645,1.636,1.539,19.933999999999997
2017-08-04,49.57,52.48,1.654,1.643,1.546,19.743999999999993
2017-08-07,49.37,51.42,1.649,1.63,1.537,19.622000000000007
2017-08-08,49.07,52.18,1.634,1.619,1.527,19.348000000000006
2017-08-09,49.59,52.16,1.643,1.646,1.554,19.458
2017-08-10,48.54,52.59,1.616,1.621,1.528,19.401999999999994
2017-08-11,48.81,51.47,1.632,1.633,1.536,19.74799999999999
2017-08-14,47.59,51.29,1.598,1.604,1.506,19.61
2017-08-15,47.57,49.9,1.602,1.598,1.493,19.65800000000001
2017-08-16,46.8,50.39,1.584,1.568,1.473,19.50400000000002
2017-08-17,47.07,50.37,1.613,1.573,1.49,20.115999999999993
2017-08-18,48.59,50.96,1.646,1.616,1.545,20.121999999999986
2017-08-21,47.39,51.94,1.612,1.564,1.509,19.641999999999996
2017-08-22,47.65,52.29,1.619,1.583,1.528,19.844000000000015
2017-08-23,48.45,52.31,1.645,1.621,1.567,20.304000000000002
2017-08-24,47.24,51.73,1.707,1.634,1.566,23.43200000000001
2017-08-25,47.65,51.87,1.704,1.628,1.559,22.854000000000006
2017-08-28,46.4,51.87,1.749,1.637,1.599,25.490000000000002
2017-08-29,46.46,51.64,1.829,1.682,1.626,28.29999999999999
2017-08-30,45.96,51.91,1.93,1.685,1.651,31.669999999999995
2017-08-31,47.26,52.69,2.17,1.809,1.92,38.826
2017-09-01,47.32,53.15,2.074,1.777,1.997,35.62999999999999
2017-09-05,48.63,53.63,1.998,1.773,1.918,32.136
2017-09-06,49.13,54.48,2.068,1.78,1.94,33.69400000000001
2017-09-07,49.1,54.16,2.053,1.812,1.967,33.75199999999999
2017-09-08,47.44,54.55,2.045,1.792,1.947,34.908
2017-09-11,48.06,54.2,1.974,1.75,1.769,31.712000000000003
2017-09-12,48.21,55.06,1.997,1.751,1.769,32.220000000000006
2017-09-13,49.3,55.52,1.824,1.707,1.798,25.670000000000016
2017-09-14,49.86,56.76,1.807,1.714,1.805,24.732
2017-09-15,49.9,56.18,1.843,1.795,1.728,26.833999999999996
2017-09-18,49.88,55.5,1.82,1.775,1.713,25.93
2017-09-19,49.54,56.58,1.784,1.773,1.703,25.234
2017-09-20,50.29,57.2,1.741,1.81,1.732,23.79800000000001
2017-09-21,50.58,57.73,1.738,1.82,1.742,23.563999999999993
2017-09-22,50.33,58.16,1.747,1.815,1.732,23.99600000000001
2017-09-25,51.85,59.42,1.827,1.858,1.739,25.31799999999999
2017-09-26,51.59,59.77,1.788,1.846,1.705,24.317999999999998
2017-09-27,52.14,58.74,1.714,1.849,1.701,21.738
2017-09-28,51.62,58.8,1.665,1.826,1.703,20.564000000000014
2017-09-29,51.67,57.02,1.637,1.808,1.686,19.47800000000001
2017-10-02,50.59,55.67,1.618,1.759,1.647,19.340000000000003
2017-10-03,50.44,56.12,1.627,1.752,1.632,19.644000000000005
2017-10-04,50.0,56.0,1.655,1.773,1.654,21.161999999999992
2017-10-05,50.79,57.09,1.693,1.789,1.669,21.660000000000004
2017-10-06,49.34,55.5,1.632,1.745,1.625,20.785999999999987
2017-10-09,49.58,55.29,1.628,1.735,1.613,20.293999999999997
2017-10-10,50.93,56.62,1.667,1.766,1.646,20.46999999999999
2017-10-11,51.3,56.13,1.684,1.785,1.665,20.842
2017-10-12,50.61,56.13,1.657,1.767,1.627,20.524
2017-10-13,51.43,56.86,1.691,1.795,1.647,21.04800000000001
2017-10-16,51.86,57.49,1.689,1.813,1.663,20.813999999999993
2017-10-17,51.87,57.63,1.697,1.81,1.655,20.985999999999997
2017-10-18,52.05,58.05,1.717,1.806,1.651,21.310000000000002
2017-10-19,51.29,57.82,1.706,1.778,1.62,21.37000000000001
2017-10-20,51.63,57.89,1.745,1.805,1.667,22.500000000000007
2017-10-23,51.91,57.69,1.738,1.787,1.652,21.772000000000006
2017-10-24,52.32,57.84,1.785,1.822,1.665,23.168
2017-10-25,51.97,58.45,1.8,1.817,1.659,23.86800000000001
2017-10-26,52.41,58.75,1.817,1.848,1.691,24.337999999999994
2017-10-27,53.92,60.15,1.83,1.868,1.716,23.471999999999994
2017-10-30,54.11,60.65,1.823,1.88,1.717,23.25399999999999
2017-10-31,54.36,61.35,1.84,1.881,1.713,23.494
2017-11-01,54.32,60.98,1.794,1.86,1.692,21.952000000000005
2017-11-02,54.55,60.79,1.846,1.867,1.689,23.27600000000001
2017-11-03,55.63,61.42,1.879,1.886,1.716,23.386000000000003
2017-11-06,57.34,64.27,1.928,1.937,1.773,23.761999999999986
2017-11-07,57.19,64.36,1.921,1.919,1.769,23.464
2017-11-08,56.82,63.96,1.934,1.913,1.769,24.113999999999997
2017-11-09,57.16,64.49,1.879,1.938,1.802,22.584000000000017
2017-11-10,56.75,64.35,1.899,1.934,1.78,23.49799999999999
2017-11-13,56.77,62.94,1.858,1.929,1.775,22.259999999999998
2017-11-14,55.67,60.91,1.813,1.89,1.74,21.554000000000002
2017-11-15,55.28,61.25,1.788,1.903,1.72,21.426000000000002
2017-11-16,55.14,61.18,1.772,1.9,1.73,21.076000000000008
2017-11-17,56.21,61.34,1.778,1.926,1.756,20.538000000000004
2017-11-20,56.21,61.34,1.778,1.926,1.756,20.538000000000004
2017-11-21,56.84,62.28,1.805,1.929,1.775,20.706000000000003
2017-11-22,57.88,62.92,1.803,1.929,1.772,19.609999999999992
2017-11-24,58.94,63.58,1.822,1.948,1.803,19.348
2017-11-27,58.1,63.25,1.825,1.944,1.799,20.215999999999987
2017-11-28,57.96,63.56,1.796,1.943,1.797,19.53000000000001
2017-11-29,57.25,63.74,1.77,1.923,1.779,19.232000000000014
2017-11-30,57.4,63.53,1.763,1.892,1.752,18.45199999999999
2017-12-01,58.35,64.57,1.774,1.935,1.785,18.412
2017-12-04,57.48,63.45,1.738,1.895,1.74,17.714000000000006
2017-12-05,57.66,63.45,1.752,1.911,1.783,18.150000000000006
2017-12-06,55.79,62.25,1.703,1.855,1.734,17.863999999999997
2017-12-07,56.5,62.37,1.735,1.886,1.765,18.483999999999995
2017-12-08,57.15,63.86,1.751,1.924,1.816,18.814
2017-12-11,57.84,65.62,1.762,1.945,1.838,18.726
2017-12-12,57.12,64.96,1.735,1.929,1.824,18.466
2017-12-13,56.59,63.66,1.688,1.904,1.794,17.33
2017-12-14,57.0,63.72,1.714,1.906,1.779,17.676000000000002
2017-12-15,57.29,63.81,1.689,1.898,1.77,16.57399999999999
2017-12-18,57.17,64.45,1.7,1.92,1.79,17.310000000000002
2017-12-19,57.49,63.69,1.725,1.935,1.825,17.9
2017-12-20,58.09,64.43,1.772,1.94,1.815,18.686000000000007
2017-12-21,58.34,64.64,1.779,1.943,1.818,18.673999999999992
2017-12-22,58.25,64.61,1.791,1.959,1.828,19.323999999999998
2017-12-26,59.55,64.61,1.822,2.035,1.905,19.956000000000003
2017-12-27,59.67,66.03,1.824,2.024,1.898,19.738
2017-12-28,59.84,66.8,1.831,2.045,1.919,20.058000000000007
2017-12-29,60.46,66.73,1.829,2.068,1.904,19.704
2018-01-02,60.37,66.65,1.792,2.058,1.903,18.618000000000002
2018-01-03,61.61,67.85,1.822,2.09,1.943,18.665999999999997
2018-01-04,61.98,68.73,1.832,2.075,1.927,18.366000000000007
2018-01-05,61.49,68.01,1.817,2.06,1.936,18.225999999999992
2018-01-08,61.73,68.48,1.823,2.048,1.927,17.98600000000001
2018-01-09,62.92,69.08,1.862,2.066,1.946,18.14
2018-01-10,63.6,69.79,1.863,2.079,1.956,17.669999999999995
2018-01-11,63.81,70.36,1.866,2.07,1.953,17.417999999999992
2018-01-12,64.22,69.64,1.886,2.084,1.947,17.763999999999996
2018-01-16,63.82,69.4,1.878,2.062,1.925,17.631999999999998
2018-01-17,63.92,69.19,1.903,2.061,1.926,18.21799999999999
2018-01-18,63.96,69.48,1.926,2.06,1.922,18.807999999999986
2018-01-19,63.38,68.56,1.914,2.059,1.922,19.03799999999999
2018-01-22,63.66,69.32,1.948,2.047,1.95,19.542
2018-01-23,64.45,69.81,1.97,2.086,1.996,19.913999999999987
2018-01-24,65.69,69.91,1.981,2.098,2.0,19.14999999999999
2018-01-25,65.62,71.08,1.966,2.099,2.0,18.814000000000007
2018-01-26,66.27,70.08,1.999,2.127,2.03,19.480000000000004
2018-01-29,65.71,68.41,1.995,2.091,1.997,19.424000000000007
2018-01-30,64.64,67.78,1.951,2.065,1.968,18.89800000000001
2018-01-31,64.82,67.78,1.965,2.069,1.967,19.16600000000001
2018-02-01,65.92,68.6,1.948,2.091,1.991,17.897999999999996
2018-02-02,65.5,67.45,1.93,2.057,1.942,17.338000000000008
2018-02-05,64.18,67.69,1.897,2.022,1.914,17.243999999999986
2018-02-06,63.48,66.75,1.86,1.995,1.89,16.53000000000001
2018-02-07,61.91,65.74,1.815,1.937,1.832,16.028000000000006
2018-02-08,61.3,64.26,1.801,1.909,1.819,15.854
2018-02-09,59.2,63.04,1.757,1.858,1.765,16.007999999999996
2018-02-12,59.41,62.2,1.732,1.845,1.745,14.916000000000011
2018-02-13,59.33,61.94,1.731,1.84,1.74,14.897999999999996
2018-02-14,60.7,62.29,1.758,1.882,1.792,14.872
2018-02-15,61.48,62.86,1.782,1.891,1.801,14.889999999999993
2018-02-16,61.89,64.3,1.791,1.912,1.825,15.025999999999996
2018-02-20,61.91,64.68,1.787,1.925,1.84,15.076000000000008
2018-02-21,61.73,64.81,1.788,1.923,1.835,15.256000000000007
2018-02-22,62.72,66.12,1.804,1.944,1.861,15.007999999999996
2018-02-23,63.52,67.04,1.854,1.968,1.899,15.94400000000001
2018-02-26,63.81,67.96,1.868,1.985,1.919,16.284000000000006
2018-02-27,62.94,67.59,1.844,1.961,1.897,16.146000000000015
2018-02-28,61.43,66.08,1.794,1.887,1.852,15.219999999999992
2018-03-01,60.98,64.23,1.927,1.878,1.825,19.267999999999994
2018-03-02,61.19,64.26,1.767,1.872,1.814,14.494000000000014
2018-03-05,62.49,65.78,1.794,1.884,1.821,14.118000000000002
2018-03-06,62.54,65.67,1.793,1.887,1.834,14.082
2018-03-07,61.09,65.09,1.794,1.87,1.814,15.321999999999989
2018-03-08,60.13,63.87,1.752,1.856,1.781,14.910000000000004
2018-03-09,62.02,65.19,1.753,1.872,1.8,13.271999999999984
2018-03-12,61.35,64.53,1.751,1.855,1.78,13.648000000000003
2018-03-13,60.69,64.2,1.755,1.865,1.79,14.560000000000002
2018-03-14,60.89,63.61,1.786,1.879,1.797,15.424000000000007
2018-03-15,61.16,63.67,1.788,1.888,1.805,15.335999999999999
2018-03-16,62.29,64.68,1.814,1.909,1.821,15.228000000000002
2018-03-19,62.01,64.82,1.797,1.908,1.815,15.018000000000008
2018-03-20,63.37,66.0,1.831,1.945,1.852,15.128000000000007
2018-03-21,65.1,68.15,1.897,2.014,1.928,16.212000000000003
2018-03-22,64.25,68.98,1.889,1.978,1.905,16.33399999999999
2018-03-23,65.8,69.03,1.912,2.016,1.942,15.960000000000008
2018-03-26,65.49,68.81,1.893,2.013,1.94,15.695999999999998
2018-03-27,65.21,68.63,1.892,2.01,1.938,15.906000000000006
2018-03-28,64.3,68.13,1.899,2.018,1.955,17.123999999999995
2018-03-29,64.87,69.02,1.938,2.022,1.957,17.701999999999998
2018-04-02,63.05,69.02,1.888,1.983,1.916,17.575999999999993
2018-04-03,63.41,69.02,1.889,1.997,1.933,17.440000000000012
2018-04-04,63.35,66.04,1.892,1.985,1.923,17.416000000000004
2018-04-05,63.53,66.54,1.891,1.981,1.919,17.152
2018-04-06,62.03,66.51,1.855,1.955,1.908,17.28
2018-04-09,63.4,68.19,1.887,1.997,1.949,17.394
2018-04-10,65.48,70.67,1.96,2.069,2.014,18.365999999999985
2018-04-11,66.81,72.74,2.002,2.097,2.045,18.603999999999985
2018-04-12,67.07,71.44,1.991,2.087,2.032,17.896000000000015
2018-04-13,67.35,73.18,1.997,2.106,2.044,18.050000000000026
2018-04-16,66.23,72.05,2.015,2.081,2.013,19.324000000000012
2018-04-17,66.5,71.71,2.013,2.063,1.998,18.745999999999995
2018-04-18,68.44,73.73,2.047,2.109,2.044,18.402
2018-04-19,68.3,74.85,2.053,2.12,2.053,18.864000000000004
2018-04-20,68.26,74.62,2.067,2.126,2.069,19.379999999999995
2018-04-23,67.61,74.54,2.064,2.121,2.064,19.87599999999999
2018-04-24,67.66,75.86,2.07,2.137,2.065,20.218000000000004
2018-04-25,68.0,73.79,2.062,2.144,2.068,19.751999999999995
2018-04-26,68.18,75.39,2.086,2.166,2.085,20.55199999999998
2018-04-27,68.11,75.33,2.081,2.155,2.084,20.32799999999999
2018-04-30,68.56,75.92,2.084,2.173,2.099,20.214
2018-05-01,67.28,74.85,2.053,2.123,2.051,19.926000000000002
2018-05-02,67.91,73.14,2.031,2.132,2.062,18.80600000000001
2018-05-03,68.45,73.45,2.048,2.135,2.068,18.783999999999992
2018-05-04,69.71,74.75,2.068,2.173,2.103,18.616000000000014
2018-05-07,70.74,74.75,2.075,2.189,2.116,18.006
2018-05-08,68.83,74.16,2.081,2.188,2.118,20.069999999999993
2018-05-09,71.16,77.6,2.132,2.237,2.169,19.854000000000013
2018-05-10,71.36,77.59,2.148,2.241,2.168,20.158000000000015
2018-05-11,70.69,77.37,2.136,2.239,2.166,20.464
2018-05-14,71.01,78.17,2.156,2.272,2.2,21.165999999999997
2018-05-15,71.34,78.94,2.159,2.268,2.183,20.86399999999999
2018-05-16,71.43,78.19,2.208,2.286,2.206,22.39800000000001
2018-05-17,71.47,80.09,2.206,2.299,2.219,22.483999999999995
2018-05-18,71.23,78.38,2.178,2.282,2.204,21.701999999999998
2018-05-21,72.26,78.34,2.205,2.292,2.207,21.567999999999984
2018-05-22,72.09,80.42,2.203,2.285,2.201,21.58399999999999
2018-05-23,71.85,78.69,2.199,2.297,2.222,21.88000000000001
2018-05-24,70.77,78.9,2.178,2.266,2.197,21.938000000000017
2018-05-25,67.92,76.6,2.109,2.21,2.135,22.072000000000003
2018-05-29,66.8,74.51,2.079,2.193,2.11,22.114000000000004
2018-05-30,68.24,75.89,2.122,2.245,2.165,22.60600000000001
2018-05-31,66.98,76.45,2.093,2.227,2.157,22.801999999999992
2018-06-01,65.81,74.54,2.083,2.182,2.122,23.061999999999998
2018-06-04,64.76,73.41,2.061,2.16,2.102,23.187999999999988
2018-06-05,65.51,72.91,2.043,2.139,2.086,21.640000000000015
2018-06-06,64.75,73.23,2.022,2.142,2.089,21.854
2018-06-07,65.96,75.23,2.061,2.184,2.132,22.323999999999998
2018-06-08,65.77,75.11,2.05,2.162,2.115,21.89800000000001
2018-06-11,66.1,74.58,2.044,2.161,2.109,21.385999999999996
2018-06-12,66.38,74.86,2.022,2.16,2.11,20.476
2018-06-13,66.63,75.07,2.058,2.179,2.134,21.5
2018-06-14,66.91,74.77,2.035,2.156,2.111,20.254000000000005
2018-06-15,65.01,72.02,1.959,2.079,2.022,18.948000000000008
2018-06-18,65.91,74.87,1.991,2.133,2.075,19.700000000000003
2018-06-19,65.09,74.92,1.986,2.123,2.058,20.239999999999995
2018-06-20,65.92,74.25,1.967,2.102,2.034,18.584000000000003
2018-06-21,65.68,72.87,1.964,2.081,2.019,18.445999999999984
2018-06-22,69.02,73.67,2.011,2.127,2.06,17.066000000000003
2018-06-25,69.91,72.82,1.999,2.107,2.047,15.560000000000016
2018-06-26,75.23,73.58,2.016,2.133,2.073,11.079999999999998
2018-06-27,77.41,76.09,2.066,2.17,2.116,10.817999999999998
2018-06-28,73.45,76.26,2.07,2.177,2.117,14.987999999999985
2018-06-29,74.13,77.44,2.117,2.203,2.148,15.988
2018-07-02,73.89,76.71,2.08,2.157,2.1,14.547999999999988
2018-07-03,74.19,75.87,2.091,2.164,2.107,14.65400000000001
2018-07-05,73.05,77.09,2.107,2.188,2.123,16.578000000000003
2018-07-06,73.78,74.98,2.071,2.175,2.125,14.658000000000001
2018-07-09,73.93,77.08,2.112,2.194,2.154,15.922000000000011
2018-07-10,74.11,77.8,2.123,2.22,2.18,16.414
2018-07-11,70.47,75.35,2.037,2.112,2.09,16.134
2018-07-12,70.28,72.11,2.04,2.118,2.08,16.492000000000004
2018-07-13,71.03,74.11,2.066,2.128,2.088,16.609999999999985
2018-07-16,68.22,71.03,1.975,2.057,2.017,15.878
2018-07-17,68.03,70.87,1.986,2.067,2.024,16.516000000000005
2018-07-18,68.78,70.52,2.018,2.093,2.053,17.025999999999996
2018-07-19,69.42,71.94,2.02,2.096,2.051,16.483999999999995
2018-07-20,70.31,71.99,2.038,2.106,2.063,16.238
2018-07-23,67.9,73.45,2.073,2.12,2.08,19.823999999999998
2018-07-24,70.77,73.53,2.077,2.133,2.093,17.24799999999999
2018-07-25,71.13,73.67,2.1,2.154,2.117,17.826000000000008
2018-07-26,71.59,74.51,2.139,2.172,2.142,18.709999999999994
2018-07-27,68.66,74.84,2.143,2.157,2.119,21.542
2018-07-30,71.19,74.99,2.132,2.168,2.131,18.858000000000004
2018-07-31,69.88,74.16,2.107,2.136,2.114,19.020000000000024
2018-08-01,68.8,72.28,2.067,2.096,2.071,18.420000000000016
2018-08-02,68.95,72.95,2.082,2.127,2.1,19.123999999999995
2018-08-03,68.49,72.48,2.089,2.13,2.105,19.822000000000003
2018-08-06,69.01,72.51,2.086,2.139,2.112,19.343999999999994
2018-08-07,69.17,72.31,2.121,2.162,2.13,20.48599999999999
2018-08-08,66.92,70.71,2.039,2.111,2.079,19.726
2018-08-09,66.81,70.55,2.028,2.112,2.065,19.542000000000016
2018-08-10,67.61,71.0,2.065,2.142,2.097,20.197999999999993
2018-08-13,67.25,70.62,2.055,2.142,2.094,20.278000000000006
2018-08-14,67.04,70.77,2.062,2.126,2.091,20.459999999999994
2018-08-15,65.07,68.38,2.011,2.087,2.059,20.456000000000017
2018-08-16,65.44,69.21,2.012,2.094,2.074,20.212000000000003
2018-08-17,65.93,70.14,2.007,2.099,2.064,19.652
2018-08-20,66.5,71.11,2.039,2.112,2.077,20.16000000000001
2018-08-21,67.32,71.65,2.044,2.123,2.086,19.634000000000015
2018-08-22,67.85,72.96,2.098,2.169,2.134,21.260000000000005
2018-08-23,69.13,73.73,2.095,2.177,2.139,20.007999999999996
2018-08-24,69.71,74.41,2.109,2.199,2.161,20.128000000000014
2018-08-27,69.97,74.41,2.119,2.218,2.193,20.414000000000016
2018-08-28,68.54,75.91,2.098,2.214,2.18,21.200000000000003
2018-08-29,69.68,76.07,2.123,2.246,2.208,21.207999999999984
2018-08-30,70.25,77.05,2.158,2.246,2.204,21.617999999999995
2018-08-31,69.84,76.94,2.154,2.24,2.191,21.83199999999998
2018-09-04,69.82,77.51,2.138,2.244,2.199,21.459999999999994
2018-09-05,68.69,76.68,2.079,2.237,2.192,20.840000000000018
2018-09-06,67.81,75.67,2.049,2.213,2.156,20.543999999999997
2018-09-07,67.73,75.55,2.065,2.218,2.166,21.141999999999996
2018-09-10,67.55,76.77,2.021,2.222,2.164,20.145999999999987
2018-09-11,69.29,78.22,2.085,2.259,2.211,20.71599999999998
2018-09-12,70.37,80.02,2.107,2.261,2.211,20.280000000000015
2018-09-13,68.6,77.66,2.057,2.227,2.177,20.174000000000007
2018-09-14,68.98,77.87,2.034,2.21,2.16,18.911999999999992
2018-09-17,68.86,78.22,2.039,2.205,2.13,19.102000000000004
2018-09-18,69.87,79.25,2.082,2.234,2.157,19.701999999999998
2018-09-19,71.08,79.43,2.097,2.241,2.174,19.00999999999999
2018-09-20,70.77,79.03,2.079,2.224,2.157,18.578000000000017
2018-09-21,70.8,78.9,2.08,2.222,2.15,18.548000000000002
2018-09-24,73.23,80.89,2.126,2.288,2.217,18.33
2018-09-25,73.4,82.21,2.135,2.302,2.226,18.60799999999999
2018-09-26,72.22,81.87,2.129,2.313,2.228,19.774000000000015
2018-09-27,72.18,81.54,2.144,2.321,2.236,20.346000000000004
2018-09-28,73.16,82.72,2.158,2.352,2.267,20.191999999999993
2018-10-01,75.37,84.94,2.195,2.412,2.327,19.85799999999999
2018-10-02,75.16,85.63,2.204,2.397,2.317,20.11
2018-10-03,76.4,85.45,2.219,2.432,2.345,19.779999999999987
2018-10-04,74.44,86.07,2.189,2.399,2.312,20.438000000000002
2018-10-05,74.26,85.12,2.17,2.388,2.301,19.932000000000002
2018-10-08,74.27,84.22,2.175,2.392,2.315,20.117999999999995
2018-10-09,74.95,85.16,2.157,2.419,2.342,19.311999999999998
2018-10-10,73.18,83.82,2.1,2.385,2.31,19.00999999999999
2018-10-11,70.97,81.35,2.014,2.326,2.244,17.986000000000004
2018-10-12,71.41,80.71,2.024,2.327,2.237,17.840000000000003
2018-10-15,71.84,80.91,2.023,2.326,2.241,17.36800000000001
2018-10-16,71.93,80.53,2.059,2.34,2.255,18.481999999999985
2018-10-17,69.63,79.91,2.008,2.318,2.23,19.046000000000006
2018-10-18,68.63,80.3,1.958,2.299,2.217,18.379999999999995
2018-10-19,69.16,80.38,1.991,2.309,2.229,18.914
2018-10-22,69.25,80.45,1.985,2.325,2.247,18.879999999999995
2018-10-23,66.49,78.67,1.913,2.246,2.163,18.518
2018-10-24,66.56,77.34,1.873,2.237,2.157,17.201999999999998
2018-10-25,67.25,77.3,1.881,2.275,2.193,17.267999999999986
2018-10-26,67.58,77.4,1.901,2.304,2.22,17.903999999999996
2018-10-29,67.0,77.56,1.895,2.278,2.19,17.951999999999998
2018-10-30,66.18,75.68,1.883,2.263,2.173,18.225999999999985
2018-10-31,65.31,74.84,1.833,2.251,2.158,17.528000000000006
2018-11-01,63.67,71.25,1.778,2.197,2.114,16.872
2018-11-02,63.12,71.11,1.763,2.168,2.086,16.595999999999997
2018-11-05,63.12,72.68,1.743,2.189,2.109,16.330000000000005
2018-11-06,62.16,70.64,1.755,2.189,2.108,17.626000000000005
2018-11-07,61.69,70.1,1.712,2.241,2.147,17.620000000000005
2018-11-08,60.71,69.29,1.714,2.171,2.067,17.675999999999995
2018-11-09,60.19,69.01,1.678,2.157,2.057,16.992000000000004
2018-11-12,59.85,69.81,1.682,2.138,2.033,17.17799999999999
2018-11-13,55.63,65.45,1.599,2.063,1.95,18.023999999999994
2018-11-14,56.16,64.88,1.619,2.098,1.978,18.54400000000001
2018-11-15,56.45,65.61,1.62,2.08,1.943,18.03
2018-11-16,56.49,65.29,1.648,2.082,1.969,18.801999999999985
2018-11-19,57.16,64.14,1.646,2.089,1.986,18.173999999999992
2018-11-20,53.39,61.5,1.567,1.985,1.877,18.275999999999996
2018-11-21,54.41,61.65,1.574,1.974,1.86,17.298000000000016
2018-11-26,51.46,59.7,1.513,1.892,1.778,17.39199999999999
2018-11-27,51.31,59.58,1.501,1.89,1.787,17.177999999999997
2018-11-28,50.06,57.97,1.464,1.835,1.742,16.622
2018-11-29,51.46,58.29,1.524,1.837,1.741,16.93
2018-11-30,50.78,57.71,1.511,1.829,1.728,17.134
2018-12-03,52.98,60.17,1.525,1.892,1.79,16.208000000000006
2018-12-04,53.21,61.22,1.518,1.892,1.79,15.782000000000004
2018-12-05,52.64,61.4,1.526,1.891,1.791,16.561999999999998
2018-12-06,51.54,57.83,1.525,1.865,1.768,17.270000000000003
2018-12-07,52.76,61.71,1.554,1.883,1.787,17.11400000000001
2018-12-10,51.07,60.29,1.503,1.845,1.742,16.844
2018-12-11,51.65,59.73,1.498,1.849,1.742,16.18
2018-12-12,51.04,59.94,1.484,1.851,1.744,16.42600000000001
2018-12-13,52.69,59.03,1.546,1.889,1.786,17.043999999999997
2018-12-14,51.26,58.56,1.499,1.848,1.743,16.58400000000001
2018-12-17,49.8,57.59,1.457,1.806,1.701,16.28
2018-12-18,46.12,55.26,1.4,1.763,1.663,17.762
2018-12-19,47.96,55.6,1.422,1.799,1.699,17.041999999999994
2018-12-20,45.64,52.84,1.384,1.762,1.65,17.779999999999994
2018-12-21,45.38,51.93,1.36,1.734,1.619,16.976
2018-12-26,46.04,51.93,1.397,1.752,1.64,17.604000000000006
2018-12-27,44.48,51.49,1.377,1.706,1.596,17.96
2018-12-28,45.15,50.57,1.368,1.663,1.564,16.436000000000007
2019-01-02,46.31,54.06,1.394,1.705,1.607,16.59199999999999
2019-01-03,46.92,53.23,1.405,1.738,1.658,16.751999999999995
2019-01-04,47.76,55.64,1.408,1.778,1.711,16.55599999999999
2019-01-07,48.27,57.1,1.395,1.803,1.714,16.032000000000004
2019-01-08,49.58,56.91,1.413,1.822,1.758,15.492000000000004
2019-01-09,52.19,59.46,1.478,1.878,1.823,15.486000000000004
2019-01-10,52.42,60.47,1.474,1.895,1.842,15.382000000000005
2019-01-11,51.44,59.24,1.453,1.881,1.826,15.578000000000003
2019-01-14,50.31,58.8,1.413,1.851,1.796,15.168000000000006
2019-01-15,51.8,58.65,1.449,1.867,1.805,14.909999999999997
2019-01-16,52.08,59.81,1.447,1.889,1.821,14.882000000000005
2019-01-17,51.83,59.85,1.456,1.878,1.806,15.230000000000004
2019-01-18,53.6,62.04,1.476,1.908,1.836,14.440000000000005
2019-01-22,52.59,60.9,1.435,1.898,1.828,14.161999999999992
2019-01-23,52.44,61.05,1.417,1.881,1.821,13.570000000000007
2019-01-24,52.94,61.09,1.417,1.88,1.819,13.055999999999997
2019-01-25,53.53,61.49,1.421,1.882,1.836,12.606000000000009
2019-01-28,51.79,59.71,1.369,1.837,1.797,12.259999999999998
2019-01-29,53.07,60.98,1.385,1.887,1.851,12.127999999999993
2019-01-30,54.18,61.89,1.438,1.892,1.858,12.571999999999996
2019-01-31,53.84,62.46,1.41,1.869,1.841,11.805999999999997
2019-02-01,55.29,61.86,1.463,1.911,1.865,12.428000000000004
2019-02-04,54.57,62.26,1.468,1.906,1.866,13.217999999999996
2019-02-05,53.69,61.67,1.457,1.896,1.856,13.649999999999991
2019-02-06,53.94,62.22,1.485,1.909,1.872,14.366
2019-02-07,52.68,61.01,1.468,1.898,1.851,14.996000000000002
2019-02-08,52.75,61.37,1.492,1.906,1.863,15.709999999999994
2019-02-11,52.43,61.3,1.47,1.891,1.833,15.204
2019-02-12,53.14,62.58,1.478,1.905,1.845,14.914000000000001
2019-02-13,53.84,63.27,1.517,1.937,1.875,15.75399999999999
2019-02-14,54.4,64.0,1.558,1.972,1.91,16.832000000000015
2019-02-15,55.58,65.65,1.629,2.019,2.017,18.298000000000002
2019-02-19,56.12,65.86,1.62,1.993,1.995,17.142000000000003
2019-02-20,56.9,66.82,1.651,2.009,1.954,17.454
2019-02-21,56.95,66.91,1.669,2.026,1.969,18.145999999999987
2019-02-22,57.01,66.91,1.672,2.026,1.957,18.169999999999995
2019-02-25,55.32,64.02,1.612,1.973,1.905,17.437999999999995
2019-02-26,55.4,64.51,1.655,1.999,1.933,18.92600000000001
2019-02-27,56.92,65.55,1.695,2.017,1.953,18.77799999999999
2019-02-28,57.21,65.03,1.679,2.027,1.955,18.18
2019-03-01,55.76,63.71,1.776,1.997,1.924,21.925999999999995
2019-03-04,56.6,64.44,1.667,2.012,1.915,18.243999999999993
2019-03-05,56.55,64.24,1.685,2.018,1.913,18.882000000000005
2019-03-06,56.22,64.51,1.717,2.016,1.906,20.08
2019-03-07,56.6,64.82,1.732,2.008,1.898,20.008000000000003
2019-03-08,55.77,65.66,1.736,1.999,1.897,20.824000000000005
2019-03-11,56.79,65.06,1.762,1.999,1.894,20.532000000000004
2019-03-12,56.89,65.33,1.754,1.984,1.884,19.998000000000005
2019-03-13,58.27,65.89,1.803,1.996,1.906,20.157999999999994
2019-03-14,58.59,66.18,1.831,1.979,1.894,20.384
2019-03-15,58.51,66.11,1.833,1.963,1.886,20.296
2019-03-18,59.09,66.65,1.865,1.964,1.886,20.62599999999999
2019-03-19,59.12,67.13,1.877,1.983,1.905,21.198
2019-03-20,60.12,68.35,1.892,2.001,1.923,20.869999999999997
2019-03-21,59.98,68.3,1.914,1.982,1.904,21.359999999999992
2019-03-22,58.87,66.29,1.903,1.963,1.882,21.896000000000008
2019-03-25,58.71,67.37,1.893,1.981,1.907,22.028
2019-03-26,59.87,67.51,1.915,1.991,1.915,21.624000000000017
2019-03-27,59.39,67.35,1.847,1.982,1.903,20.073999999999998
2019-03-28,59.29,66.08,1.824,1.971,1.897,19.376000000000012
2019-03-29,60.19,67.93,1.831,1.97,1.896,18.658
2019-04-01,61.59,69.08,1.838,1.99,1.916,17.733999999999995
2019-04-02,62.53,69.68,1.865,2.012,1.932,17.85799999999999
2019-04-03,62.46,69.21,1.97,2.011,1.931,20.854000000000006
2019-04-04,62.12,69.8,1.954,2.012,1.934,20.759999999999998
2019-04-05,63.1,69.93,1.992,2.044,1.967,21.291999999999994
2019-04-08,64.37,71.12,2.008,2.057,1.979,20.651999999999987
2019-04-09,64.05,71.02,2.019,2.047,1.969,21.14
2019-04-10,64.62,71.63,2.074,2.081,1.993,22.586
2019-04-11,63.61,71.3,2.05,2.074,1.986,22.825999999999993
2019-04-12,63.86,71.57,2.047,2.067,1.977,22.394000000000005
2019-04-15,63.43,70.9,2.035,2.063,1.969,22.43200000000001
2019-04-16,64.01,70.74,2.058,2.084,1.989,22.789999999999992
2019-04-17,63.74,71.14,2.066,2.074,1.979,23.144
2019-04-18,64.02,70.71,2.092,2.073,1.986,23.578000000000003
2019-04-22,65.66,70.71,2.146,2.11,2.021,23.96799999999999
2019-04-23,66.24,74.39,2.147,2.121,2.032,23.569999999999993
2019-04-24,65.96,73.59,2.138,2.096,2.016,23.24800000000002
2019-04-25,65.23,74.94,2.118,2.1,2.022,23.47399999999999
2019-04-26,63.29,71.03,2.077,2.044,1.958,23.481999999999992
2019-04-29,63.39,71.22,2.074,2.06,1.969,23.52199999999999
2019-04-30,63.83,72.19,2.052,2.078,1.99,22.718000000000004
2019-05-01,63.55,72.01,1.999,2.091,2.006,21.695999999999998
2019-05-02,61.75,70.56,2.005,2.069,1.976,23.355999999999995
2019-05-03,61.98,71.95,1.971,2.065,1.977,22.118000000000016
2019-05-06,62.3,71.95,1.949,2.075,1.992,21.322000000000003
2019-05-07,61.41,70.98,1.884,2.03,1.955,19.762
2019-05-08,62.13,71.09,1.918,2.056,1.986,20.357999999999997
2019-05-09,61.58,70.61,1.918,2.037,1.977,20.641999999999996
2019-05-10,61.65,71.63,1.937,2.053,1.998,21.327999999999996
2019-05-13,60.97,72.35,1.905,2.028,1.97,20.762000000000015
2019-05-14,61.82,72.53,1.921,2.052,1.997,20.696000000000005
2019-05-15,62.03,73.09,1.962,2.085,2.028,22.09599999999999
2019-05-16,62.93,74.7,2.01,2.125,2.072,23.099999999999987
2019-05-17,62.77,73.94,1.98,2.092,2.043,21.95799999999999
2019-05-20,63.12,73.21,1.957,2.078,2.023,20.767999999999994
2019-05-21,63.02,72.94,1.959,2.079,2.038,20.93800000000001
2019-05-22,61.42,71.94,1.918,2.042,1.984,20.871999999999986
2019-05-23,57.65,68.37,1.848,1.968,1.905,21.646000000000008
2019-05-24,58.4,67.98,1.875,1.985,1.943,21.890000000000008
2019-05-28,58.91,70.19,1.88,1.992,1.939,21.61800000000001
2019-05-29,58.84,70.64,1.868,1.972,1.922,21.07199999999999
2019-05-30,56.47,69.55,1.801,1.91,1.875,20.697999999999993
2019-05-31,53.49,66.78,1.727,1.836,1.802,20.57
2019-06-03,53.25,63.16,1.623,1.801,1.761,17.408
2019-06-04,53.5,63.56,1.639,1.822,1.785,17.89999999999999
2019-06-05,51.57,62.14,1.629,1.771,1.738,18.836000000000006
2019-06-06,52.59,62.77,1.663,1.803,1.778,19.215999999999994
2019-06-07,53.95,64.1,1.677,1.819,1.799,18.471999999999994
2019-06-10,53.33,64.31,1.671,1.803,1.783,18.700000000000003
2019-06-11,53.3,63.56,1.714,1.815,1.8,20.102000000000004
2019-06-12,51.13,61.66,1.639,1.764,1.741,19.45799999999999
2019-06-13,52.38,63.28,1.692,1.798,1.771,20.168
2019-06-14,52.47,63.13,1.701,1.821,1.793,20.652
2019-06-17,51.94,62.56,1.665,1.792,1.765,19.768000000000015
2019-06-18,53.86,63.35,1.694,1.824,1.797,19.108000000000004
2019-06-19,53.74,62.85,1.729,1.823,1.8,20.19400000000001
2019-06-20,56.88,65.44,1.774,1.882,1.857,19.139999999999993
2019-06-21,57.35,65.99,1.846,1.912,1.884,21.106
2019-06-24,57.73,65.16,1.83,1.9,1.872,20.109999999999992
2019-06-25,57.63,66.24,1.865,1.918,1.882,21.442
2019-06-26,59.17,66.85,1.933,1.965,1.928,22.464
2019-06-27,59.18,66.78,1.909,1.949,1.915,21.558
2019-06-28,58.2,67.52,1.913,1.931,1.888,22.397999999999996
2019-07-01,58.91,65.1,1.893,1.95,1.915,21.39399999999999
2019-07-02,56.0,62.72,1.891,1.892,1.867,23.435999999999993
2019-07-03,57.06,63.53,1.919,1.902,1.877,23.299999999999997
2019-07-08,57.35,64.89,1.893,1.89,1.865,22.113999999999997
2019-07-09,57.57,64.3,1.927,1.915,1.89,23.196000000000005
2019-07-10,60.28,66.41,1.991,1.976,1.984,23.13199999999999
2019-07-11,59.93,67.64,1.982,1.98,2.005,23.285999999999994
2019-07-12,59.99,66.65,1.961,1.981,2.001,22.652000000000008
2019-07-15,59.3,66.86,1.908,1.944,1.962,21.340000000000003
2019-07-16,57.44,65.87,1.893,1.91,1.905,22.304000000000002
2019-07-17,56.5,63.67,1.855,1.883,1.878,21.802000000000007
2019-07-18,55.08,60.7,1.825,1.877,1.877,22.298000000000002
2019-07-19,55.42,61.04,1.832,1.894,1.892,22.391999999999996
2019-07-22,55.87,61.96,1.816,1.899,1.9,21.564000000000014
2019-07-23,56.58,62.28,1.846,1.918,1.921,21.960000000000008
2019-07-24,55.9,63.83,1.844,1.904,1.905,22.387999999999998
2019-07-25,55.88,63.47,1.866,1.903,1.895,23.009999999999998
2019-07-26,56.04,62.46,1.866,1.904,1.902,22.863999999999997
2019-07-29,56.85,62.29,1.858,1.912,1.911,21.942
2019-07-30,58.04,62.55,1.887,1.948,1.953,22.068000000000005
2019-07-31,58.53,64.07,1.877,1.961,1.948,21.480000000000004
2019-08-01,53.64,62.9,1.773,1.86,1.86,22.043999999999997
2019-08-02,55.67,61.12,1.784,1.864,1.852,20.378
2019-08-05,54.63,59.32,1.734,1.832,1.817,19.57
2019-08-06,53.6,58.63,1.701,1.822,1.797,19.53600000000001
2019-08-07,51.14,55.03,1.66,1.773,1.743,20.162000000000006
2019-08-08,52.6,56.29,1.667,1.779,1.752,18.981999999999992
2019-08-09,54.41,57.37,1.679,1.796,1.76,17.74600000000001
2019-08-12,54.98,57.13,1.678,1.802,1.766,17.232000000000006
2019-08-13,57.05,59.9,1.745,1.858,1.836,17.822000000000003
2019-08-14,55.16,57.86,1.684,1.823,1.8,17.513999999999996
2019-08-15,54.51,57.37,1.645,1.793,1.768,16.651999999999994
2019-08-16,54.83,59.0,1.659,1.809,1.769,16.948000000000008
2019-08-19,56.24,59.79,1.687,1.822,1.803,16.503999999999998
2019-08-20,56.18,59.03,1.703,1.841,1.823,17.278
2019-08-21,55.65,60.6,1.721,1.857,1.829,18.53600000000001
2019-08-22,55.33,59.81,1.694,1.839,1.814,17.848
2019-08-23,54.08,58.64,1.671,1.812,1.787,18.076000000000008
2019-08-26,53.54,58.64,1.649,1.794,1.772,17.747999999999998
2019-08-27,54.99,58.44,1.675,1.811,1.789,17.264000000000003
2019-08-28,55.76,60.42,1.721,1.856,1.824,18.412000000000013
2019-08-29,56.67,60.59,1.708,1.866,1.835,17.27799999999999
2019-08-30,55.07,61.04,1.643,1.826,1.811,16.497999999999998
2019-09-03,53.91,57.93,1.501,1.799,1.784,13.304000000000002
2019-09-04,56.22,60.68,1.672,1.884,1.827,16.97200000000001
2019-09-05,56.33,62.7,1.675,1.883,1.826,16.932000000000002
2019-09-06,56.45,61.28,1.711,1.893,1.83,17.960000000000008
2019-09-09,57.88,63.99,1.726,1.924,1.857,17.383999999999993
2019-09-10,57.37,64.67,1.729,1.928,1.861,18.034000000000013
2019-09-11,55.66,63.02,1.699,1.906,1.836,18.596000000000004
2019-09-12,55.13,60.76,1.679,1.894,1.816,18.398000000000003
2019-09-13,54.76,61.25,1.686,1.893,1.798,18.949999999999996
2019-09-16,63.1,68.42,1.859,2.069,1.972,17.918
2019-09-17,59.26,65.59,1.8,2.003,1.918,19.18200000000001
2019-09-18,58.19,64.29,1.777,1.991,1.91,19.439999999999998
2019-09-19,58.19,64.25,1.818,2.027,1.946,21.092
2019-09-20,57.92,65.23,1.789,2.0,1.957,20.171999999999997
2019-09-23,58.69,64.66,1.781,1.993,1.942,19.08
2019-09-24,57.22,64.13,1.748,1.959,1.907,19.150000000000006
2019-09-25,56.38,62.41,1.726,1.956,1.902,19.332
2019-09-26,56.24,62.08,1.763,1.956,1.902,20.50799999999999
2019-09-27,55.95,62.48,1.754,1.948,1.903,20.433999999999997
2019-09-30,54.09,60.99,1.707,1.903,1.852,20.348
2019-10-01,53.6,60.06,1.679,1.905,1.85,20.082
2019-10-02,52.67,57.92,1.69,1.873,1.818,20.872
2019-10-03,52.41,58.01,1.652,1.884,1.827,20.22200000000001
2019-10-04,52.84,59.13,1.673,1.902,1.847,20.63199999999999
2019-10-07,52.76,59.46,1.674,1.914,1.856,20.907999999999994
2019-10-08,52.64,58.14,1.673,1.906,1.849,20.888000000000005
2019-10-09,52.63,59.7,1.703,1.924,1.854,21.989999999999988
2019-10-10,53.57,59.08,1.734,1.936,1.856,22.086000000000006
2019-10-11,54.76,60.59,1.759,1.966,1.883,22.016
2019-10-14,53.57,58.81,1.729,1.92,1.837,21.722000000000016
2019-10-15,52.81,59.19,1.729,1.932,1.844,22.64999999999999
2019-10-16,53.42,59.3,1.74,1.958,1.871,22.712000000000003
2019-10-17,53.89,59.35,1.749,1.969,1.884,22.647999999999996
2019-10-18,53.75,59.96,1.751,1.961,1.869,22.732000000000014
2019-10-21,53.28,58.95,1.74,1.964,1.874,22.935999999999993
2019-10-22,54.21,60.5,1.719,1.956,1.881,21.306000000000004
2019-10-23,55.9,60.52,1.756,1.978,1.9,20.96
2019-10-24,56.11,61.71,1.767,1.998,1.92,21.337999999999994
2019-10-25,56.52,62.06,1.777,1.983,1.906,20.997999999999998
2019-10-28,55.6,60.39,1.784,1.966,1.88,21.875999999999998
2019-10-29,55.34,61.05,1.791,1.958,1.871,22.22
2019-10-30,54.85,60.22,1.76,1.919,1.829,21.296
2019-10-31,54.02,59.3,1.721,1.889,1.8,20.613999999999997
2019-11-01,56.04,60.17,1.745,1.93,1.856,19.84000000000001
2019-11-04,56.33,62.52,1.787,1.954,1.829,21.061999999999998
2019-11-05,57.04,62.72,1.796,1.966,1.866,20.772
2019-11-06,56.15,62.11,1.732,1.936,1.833,19.45000000000001
2019-11-07,56.91,62.6,1.732,1.924,1.821,18.522000000000006
2019-11-08,57.02,62.0,1.73,1.919,1.827,18.285999999999994
2019-11-12,56.67,62.19,1.699,1.904,1.801,17.557999999999993
2019-11-13,56.88,62.27,1.724,1.926,1.824,18.356
2019-11-14,56.57,62.46,1.698,1.931,1.801,18.008000000000003
2019-11-15,57.54,63.32,1.715,1.96,1.83,17.919999999999995
2019-11-18,56.82,62.82,1.678,1.908,1.77,16.875999999999998
2019-11-19,54.93,62.37,1.659,1.865,1.725,17.631999999999998
2019-11-20,56.71,63.8,1.716,1.904,1.774,17.993999999999993
2019-11-21,58.36,64.99,1.748,1.946,1.828,17.828000000000003
2019-11-22,57.68,64.83,1.733,1.942,1.843,18.032000000000004
2019-11-25,57.79,64.67,1.73,1.95,1.85,17.949999999999996
2019-11-26,58.25,64.82,1.739,1.966,1.858,17.966000000000008
2019-11-27,58.12,65.03,1.714,1.949,1.851,17.15800000000001
2019-12-02,55.97,63.2,1.613,1.891,1.796,15.667999999999992
2019-12-03,56.15,62.95,1.602,1.886,1.799,15.110000000000007
2019-12-04,58.46,65.25,1.642,1.926,1.834,14.479999999999997
2019-12-05,58.42,65.67,1.66,1.938,1.833,15.192000000000007
2019-12-06,59.2,66.5,1.687,1.954,1.842,15.391999999999996
2019-12-09,58.99,66.44,1.698,1.945,1.83,15.783999999999999
2019-12-10,59.22,66.57,1.7,1.967,1.857,15.917999999999992
2019-12-11,58.74,65.37,1.675,1.935,1.822,15.250000000000007
2019-12-12,59.18,66.67,1.677,1.956,1.839,15.15999999999999
2019-12-13,60.11,67.44,1.702,1.982,1.865,15.293999999999997
2019-12-16,60.21,68.04,1.708,2.01,1.887,15.753999999999998
2019-12-17,60.88,68.99,1.727,2.036,1.922,15.979999999999997
2019-12-18,60.93,69.12,1.734,2.026,1.913,15.985999999999997
2019-12-19,61.3,69.7,1.751,2.031,1.936,16.162000000000006
2019-12-20,60.43,68.66,1.746,2.019,1.931,16.723999999999997
2019-12-23,60.51,67.49,1.752,2.021,1.946,16.84000000000001
2019-12-24,61.17,69.26,1.768,2.034,1.961,16.810000000000002
2019-12-26,61.72,69.26,1.791,2.048,1.977,17.099999999999994
2019-12-27,61.76,68.91,1.785,2.046,1.98,16.863999999999997
2019-12-30,61.66,68.3,1.766,2.034,1.965,16.263999999999996
2019-12-31,61.14,67.77,1.738,2.022,1.942,15.831999999999994
2020-01-02,61.17,67.05,1.744,2.019,1.934,15.927999999999997
2020-01-03,63.0,69.08,1.792,2.054,1.972,15.932000000000002
2020-01-06,63.27,70.25,1.783,2.019,1.941,14.919999999999995
2020-01-07,62.7,68.74,1.758,2.024,1.949,14.86
2020-01-08,59.65,67.31,1.698,1.967,1.892,15.43200000000001
2020-01-09,59.56,66.58,1.696,1.946,1.874,15.171999999999997
2020-01-10,59.02,66.77,1.698,1.929,1.856,15.529999999999994
2020-01-13,58.17,64.14,1.698,1.894,1.821,15.89
2020-01-14,58.34,64.45,1.695,1.912,1.822,15.887999999999991
2020-01-15,57.86,63.29,1.686,1.882,1.792,15.695999999999998
2020-01-16,58.52,64.63,1.703,1.859,1.774,15.18999999999999
2020-01-17,58.55,64.05,1.686,1.86,1.773,14.698000000000008
2020-01-21,58.25,63.66,1.677,1.824,1.736,14.242000000000004
2020-01-22,56.76,62.11,1.618,1.794,1.711,13.660000000000004
2020-01-23,55.51,61.26,1.603,1.787,1.702,14.392000000000003
2020-01-24,54.09,59.34,1.559,1.729,1.665,13.768
2020-01-27,53.09,58.54,1.517,1.661,1.598,12.64
2020-01-28,53.33,59.37,1.543,1.708,1.641,13.786000000000001
2020-01-29,53.29,59.46,1.571,1.677,1.62,14.175999999999995
2020-01-30,52.19,57.72,1.562,1.644,1.584,14.561999999999998
2020-01-31,51.58,57.77,1.534,1.62,1.504,14.052000000000007
2020-02-03,50.06,54.0,1.505,1.57,1.45,14.059999999999988
2020-02-04,49.59,53.9,1.48,1.586,1.451,14.054000000000002
2020-02-05,50.87,55.36,1.534,1.648,1.52,15.154000000000003
2020-02-06,50.94,55.18,1.531,1.667,1.553,15.266000000000005
2020-02-07,50.34,54.53,1.563,1.641,1.522,16.397999999999996
2020-02-10,49.59,53.39,1.562,1.611,1.491,16.700000000000003
2020-02-11,50.0,54.0,1.55,1.627,1.5,16.17800000000001
2020-02-12,51.13,55.54,1.62,1.678,1.56,17.722
2020-02-13,51.41,56.34,1.616,1.682,1.576,17.385999999999996
2020-02-14,52.03,57.37,1.625,1.7,1.591,17.269999999999996
2020-02-18,52.1,57.35,1.65,1.675,1.559,17.54999999999999
2020-02-19,53.31,59.72,1.705,1.705,1.584,18.299999999999997
2020-02-20,53.77,59.57,1.705,1.695,1.583,17.699999999999996
2020-02-21,53.36,58.6,1.69,1.687,1.582,17.578000000000003
2020-02-24,51.36,56.71,1.65,1.613,1.511,17.421999999999997
2020-02-25,49.78,55.29,1.583,1.569,1.466,16.510000000000005
2020-02-26,48.67,54.96,1.523,1.506,1.412,15.058
2020-02-27,47.17,52.19,1.47,1.48,1.384,14.709999999999994
2020-02-28,44.83,51.31,1.458,1.485,1.381,16.784
2020-03-02,46.78,52.52,1.523,1.556,1.438,17.647999999999996
2020-03-03,47.27,52.24,1.51,1.545,1.43,16.64
2020-03-04,46.78,51.86,1.542,1.553,1.438,18.13799999999999
2020-03-05,45.9,51.29,1.5,1.502,1.379,17.128
2020-03-06,41.14,45.6,1.383,1.405,1.275,17.253999999999998
2020-03-09,31.05,35.33,1.129,1.182,1.039,17.109999999999996
2020-03-10,34.47,35.57,1.175,1.272,1.112,16.238
2020-03-11,33.13,34.45,1.092,1.247,1.057,14.903999999999996
2020-03-12,31.56,31.02,0.895,1.15,0.945,9.600000000000005
2020-03-13,31.72,32.25,0.929,1.175,0.977,10.741999999999997
2020-03-16,28.96,27.98,0.692,1.042,0.836,5.003999999999998
2020-03-17,26.96,27.97,0.712,1.045,0.838,7.606000000000002
2020-03-18,20.48,22.79,0.657,0.996,0.724,11.860000000000003
2020-03-19,25.09,23.98,0.667,1.05,0.777,8.286000000000005
2020-03-20,19.48,25.55,0.606,1.021,0.716,11.782
2020-03-23,23.33,23.75,0.449,1.04,0.697,3.802000000000003
2020-03-24,21.03,24.5,0.434,1.087,0.687,6.34
2020-03-25,20.75,25.62,0.542,1.093,0.692,9.727999999999998
2020-03-26,16.6,23.55,0.518,1.069,0.728,12.869999999999997
2020-03-27,15.48,22.39,0.55,1.085,0.766,15.110000000000003
2020-03-30,14.1,19.19,0.551,1.043,0.725,15.930000000000001
2020-03-31,20.51,14.85,0.543,1.02,0.697,8.973999999999997
2020-04-01,20.28,14.97,0.503,0.95,0.65,7.103999999999999
2020-04-02,25.18,20.24,0.512,1.005,0.705,3.2259999999999955
2020-04-03,28.36,24.33,0.533,1.108,0.808,2.076000000000004
2020-04-06,26.21,22.58,0.637,1.06,0.765,6.466000000000001
2020-04-07,23.54,22.1,0.576,1.024,0.729,6.9239999999999995
2020-04-08,24.97,25.22,0.635,1.026,0.731,7.1739999999999995
2020-04-09,22.9,20.23,0.592,0.993,0.69,7.577999999999999
2020-04-13,22.36,20.23,0.614,1.007,0.707,8.930000000000003
2020-04-14,20.15,21.74,0.609,0.962,0.662,10.370000000000001
2020-04-15,19.96,19.8,0.597,0.925,0.625,9.705999999999996
2020-04-16,19.82,18.69,0.6,0.953,0.653,10.321999999999996
2020-04-17,18.31,19.75,0.623,0.967,0.667,12.672
2020-04-20,-36.98,17.36,0.573,0.9,0.6,65.624
2020-04-21,8.91,9.12,0.471,0.753,0.453,14.82
2020-04-22,13.64,13.77,0.585,0.756,0.507,13.323999999999998
2020-04-23,15.06,15.06,0.594,0.735,0.497,11.862
2020-04-24,15.99,15.87,0.617,0.677,0.453,10.764000000000001
2020-04-27,12.17,15.17,0.598,0.602,0.407,13.001999999999997
2020-04-28,12.4,15.6,0.622,0.621,0.416,13.709999999999999
2020-04-29,15.04,17.86,0.683,0.69,0.485,13.744000000000003
2020-04-30,19.23,18.11,0.672,0.757,0.517,10.184000000000001
2020-05-01,19.72,18.49,0.686,0.792,0.48,10.576000000000004
2020-05-04,20.47,20.4,0.769,0.815,0.503,12.472000000000001
2020-05-05,24.56,25.46,0.827,0.887,0.574,11.013999999999992
2020-05-06,23.88,24.2,0.807,0.816,0.504,10.140000000000004
2020-05-07,23.68,24.23,0.844,0.83,0.518,11.572000000000003
2020-05-08,24.73,24.23,0.877,0.889,0.579,12.272000000000002
2020-05-11,24.02,25.53,0.856,0.867,0.555,12.086000000000002
2020-05-12,25.76,26.67,0.82,0.817,0.629,8.637999999999995
2020-05-13,25.37,27.89,0.753,0.825,0.637,7.263999999999999
2020-05-14,27.4,29.87,0.835,0.861,0.703,8.033999999999999
2020-05-15,29.44,30.95,0.875,0.882,0.725,7.407999999999998
2020-05-18,31.83,33.3,0.954,0.98,0.822,8.601999999999997
2020-05-19,32.3,33.06,0.964,0.931,0.773,7.726000000000006
2020-05-20,33.56,34.76,0.974,0.951,0.824,7.026000000000003
2020-05-21,34.3,34.78,0.973,0.951,0.823,6.258000000000003
2020-05-22,33.49,33.8,0.959,0.94,0.813,6.5219999999999985
2020-05-26,34.7,33.95,0.973,0.95,0.813,5.844000000000001
2020-05-27,32.8,32.73,0.917,0.923,0.786,5.798000000000009
2020-05-28,33.67,33.98,0.915,0.882,0.8,4.297999999999995
2020-05-29,35.57,34.15,0.948,0.955,0.856,4.343999999999994
2020-06-01,35.49,36.74,0.995,0.956,0.856,5.753999999999998
2020-06-02,36.88,37.72,1.017,1.025,0.913,5.945999999999998
2020-06-03,37.33,37.98,1.007,1.015,0.878,5.0760000000000005
2020-06-04,37.42,38.41,1.046,1.034,0.896,6.344000000000001
2020-06-05,39.49,41.0,1.131,1.099,0.962,7.564
2020-06-08,38.17,39.66,1.122,1.076,0.938,8.309999999999995
2020-06-09,38.98,40.45,1.124,1.107,0.97,7.990000000000009
2020-06-10,39.54,41.18,1.125,1.119,0.981,7.625999999999998
2020-06-11,36.43,37.76,1.032,1.041,0.921,7.039999999999999
2020-06-12,36.24,38.54,1.056,1.102,0.964,8.756
2020-06-15,37.07,39.44,1.097,1.128,1.001,9.438000000000002
2020-06-16,38.26,40.75,1.141,1.184,1.049,10.264000000000003
2020-06-17,37.91,40.47,1.151,1.187,1.039,10.936000000000007
2020-06-18,38.79,41.75,1.198,1.206,1.059,11.637999999999998
2020-06-19,39.72,42.33,1.198,1.21,1.063,10.764000000000003
2020-06-22,40.6,43.2,1.244,1.225,1.08,11.381999999999998
2020-06-23,40.4,42.72,1.255,1.205,1.05,11.609999999999992
2020-06-24,37.91,40.4,1.15,1.159,1.001,10.515999999999998
2020-06-25,38.66,41.18,1.168,1.169,1.007,10.409999999999997
2020-06-26,38.53,40.97,1.094,1.13,0.971,7.921999999999997
2020-06-29,39.67,41.58,1.148,1.171,1.006,8.867999999999988
2020-06-30,39.27,41.64,1.16,1.179,1.02,9.715999999999994
2020-07-01,39.88,42.18,1.178,1.2,1.025,9.903999999999996
2020-07-02,40.57,43.19,1.207,1.225,1.04,10.376000000000005
2020-07-06,40.51,42.73,1.205,1.251,1.072,10.744
2020-07-07,40.59,43.28,1.23,1.241,1.063,11.223999999999997
2020-07-08,40.91,43.67,1.263,1.242,1.067,11.841999999999992
2020-07-09,39.64,42.35,1.215,1.221,1.071,11.474000000000004
2020-07-10,40.56,43.27,1.244,1.238,1.091,11.603999999999992
2020-07-13,40.06,42.85,1.232,1.216,1.066,11.46
2020-07-14,40.3,42.97,1.229,1.215,1.073,11.122000000000007
2020-07-15,41.2,43.96,1.238,1.243,1.101,10.866
2020-07-16,40.74,43.71,1.207,1.231,1.068,10.29
2020-07-17,40.55,43.53,1.197,1.224,1.061,10.102000000000011
2020-07-20,40.83,43.3,1.204,1.239,1.077,10.228000000000002
2020-07-21,41.76,44.31,1.26,1.281,1.119,11.454
2020-07-22,41.88,43.98,1.259,1.279,1.114,11.277999999999992
2020-07-23,40.99,42.96,1.223,1.26,1.11,10.894000000000005
2020-07-24,41.23,43.29,1.245,1.262,1.112,11.298000000000002
2020-07-27,41.46,43.39,1.239,1.264,1.134,10.928000000000004
2020-07-28,40.89,43.11,1.227,1.249,1.101,10.952000000000005
2020-07-29,41.13,43.51,1.203,1.264,1.117,10.25
2020-07-30,39.85,42.98,1.183,1.219,1.083,10.339999999999996
2020-07-31,40.1,43.13,1.147,1.215,1.087,9.025999999999996
2020-08-03,40.83,43.76,1.169,1.238,1.095,9.234000000000002
2020-08-04,41.67,43.99,1.179,1.254,1.111,8.898000000000003
2020-08-05,42.25,44.92,1.194,1.262,1.127,8.849999999999994
2020-08-06,41.93,45.04,1.205,1.244,1.127,9.225999999999999
2020-08-07,41.16,44.07,1.182,1.214,1.094,8.93200000000001
2020-08-10,41.94,44.19,1.207,1.225,1.115,9.006000000000007
2020-08-11,41.53,43.68,1.173,1.225,1.122,8.464000000000006
2020-08-12,42.6,45.09,1.223,1.246,1.119,9.088000000000008
2020-08-13,42.26,44.87,1.223,1.225,1.097,9.134000000000007
2020-08-14,42.05,44.86,1.234,1.224,1.097,9.638000000000012
2020-08-17,42.89,44.91,1.258,1.218,1.108,9.386000000000003
2020-08-18,42.89,45.34,1.27,1.235,1.123,9.96
2020-08-19,42.91,45.21,1.277,1.229,1.094,10.052
2020-08-20,42.62,44.56,1.292,1.229,1.107,10.762000000000008
2020-08-21,42.32,43.94,1.271,1.203,1.076,10.11
2020-08-24,42.44,44.43,1.365,1.236,1.11,13.084000000000003
2020-08-25,43.17,46.01,1.375,1.241,1.149,12.704
2020-08-26,43.21,45.79,1.339,1.223,1.16,11.404000000000003
2020-08-27,42.88,44.84,1.25,1.193,1.105,8.821999999999996
2020-08-28,42.96,45.22,1.284,1.204,1.117,9.847999999999999
2020-08-31,42.61,45.22,1.239,1.186,1.104,8.686
2020-09-01,42.76,45.72,1.28,1.214,1.104,10.075999999999993
2020-09-02,42.76,42.7,1.251,1.169,1.071,8.634
2020-09-03,41.39,42.72,1.255,1.136,1.049,9.65399999999999
2020-09-04,39.69,41.1,1.221,1.126,1.041,10.262
2020-09-08,36.87,38.53,1.155,1.063,0.978,10.352000000000004
2020-09-09,38.05,39.98,1.169,1.085,1.005,9.872
2020-09-10,37.25,39.27,1.139,1.072,0.959,9.649999999999999
2020-09-11,37.33,38.8,1.155,1.087,0.994,10.227999999999994
2020-09-14,37.23,38.57,1.163,1.088,0.988,10.566000000000003
2020-09-15,38.29,39.54,1.192,1.096,0.991,10.43
2020-09-16,40.17,41.23,1.251,1.114,1.004,10.453999999999994
2020-09-17,40.99,42.35,1.281,1.158,1.041,11.090000000000003
2020-09-18,41.09,42.16,1.288,1.171,1.031,11.368000000000002
2020-09-21,39.26,40.37,1.242,1.128,0.986,11.308000000000007
2020-09-22,39.55,40.84,1.226,1.111,0.956,10.332
2020-09-23,39.92,41.09,1.232,1.103,0.953,10.017999999999994
2020-09-24,40.11,41.24,1.233,1.117,0.981,10.052
2020-09-25,40.06,40.91,1.256,1.127,0.99,10.886000000000003
2020-09-28,40.47,41.59,1.291,1.144,1.005,11.693999999999996
2020-09-29,39.03,40.33,1.236,1.109,0.968,11.103999999999992
2020-09-30,40.05,40.3,1.248,1.152,1.038,11.021999999999998
2020-10-01,38.51,39.75,1.217,1.128,1.003,11.358000000000004
2020-10-02,36.9,38.0,1.187,1.088,0.96,11.567999999999998
2020-10-05,39.12,39.78,1.263,1.14,1.028,12.203999999999994
2020-10-06,40.52,41.27,1.285,1.18,1.067,11.979999999999997
2020-10-07,39.82,40.62,1.253,1.168,1.058,11.616
2020-10-08,41.04,42.0,1.283,1.197,1.087,11.641999999999996
2020-10-09,40.44,41.63,1.252,1.194,1.095,11.332
2020-10-12,39.22,40.5,1.227,1.163,1.062,11.418000000000006
2020-10-13,40.03,41.34,1.229,1.174,1.064,10.818000000000005
2020-10-14,40.86,41.81,1.248,1.2,1.092,10.884
2020-10-15,40.84,41.61,1.232,1.196,1.088,10.399999999999999
2020-10-16,40.7,41.34,1.215,1.183,1.076,9.881999999999998
2020-10-19,40.69,41.29,1.201,1.16,1.077,9.177999999999997
2020-10-20,41.37,41.62,1.225,1.177,1.082,9.408000000000001
2020-10-21,39.88,40.09,1.179,1.141,1.038,9.105999999999995
2020-10-22,40.46,41.28,1.188,1.159,1.054,9.030000000000001
2020-10-23,39.73,40.71,1.168,1.152,1.049,9.101999999999997
2020-10-26,38.39,39.06,1.141,1.127,1.024,9.335999999999999
2020-10-27,39.34,39.72,1.168,1.159,1.054,9.589999999999996
2020-10-28,37.27,37.86,1.111,1.119,1.009,9.503999999999998
2020-10-29,35.94,36.56,1.08,1.093,0.986,9.602000000000004
2020-10-30,35.64,36.33,1.078,1.089,0.987,9.790000000000006
2020-11-02,36.6,37.78,1.085,1.113,1.016,9.361999999999995
2020-11-03,37.44,38.17,1.125,1.132,1.037,9.907999999999994
2020-11-04,38.97,39.68,1.135,1.167,1.07,9.148000000000003
2020-11-05,38.56,39.47,1.145,1.162,1.074,9.768
2020-11-06,36.97,38.08,1.121,1.145,1.053,10.448000000000008
2020-11-09,40.05,40.93,1.186,1.213,1.123,10.14
2020-11-10,41.18,42.25,1.225,1.249,1.154,10.606000000000002
2020-11-11,41.23,42.5,1.212,1.242,1.145,10.093999999999994
2020-11-12,40.9,42.16,1.183,1.223,1.126,9.346000000000004
2020-11-13,39.93,41.51,1.158,1.201,1.103,9.308
2020-11-16,41.14,42.71,1.184,1.223,1.107,9.134
2020-11-17,41.24,42.54,1.19,1.239,1.106,9.425999999999995
2020-11-18,41.64,42.91,1.18,1.262,1.132,9.067999999999998
2020-11-19,41.57,43.09,1.191,1.278,1.151,9.670000000000009
2020-11-20,41.99,43.79,1.202,1.288,1.185,9.697999999999993
2020-11-23,42.91,45.0,1.225,1.306,1.189,9.674000000000007
2020-11-24,44.71,46.63,1.281,1.371,1.246,10.352000000000004
2020-11-25,45.58,47.3,1.311,1.401,1.264,10.742000000000004
2020-11-30,45.2,46.84,1.271,1.366,1.239,9.511999999999993
2020-12-01,44.54,47.03,1.254,1.337,1.231,9.290000000000006
2020-12-02,45.23,47.8,1.276,1.358,1.251,9.510000000000005
2020-12-03,45.65,48.37,1.288,1.384,1.295,9.79
2020-12-04,46.23,49.1,1.287,1.397,1.282,9.363999999999997
2020-12-07,45.72,48.63,1.282,1.396,1.286,9.719999999999999
2020-12-08,45.64,48.84,1.294,1.405,1.295,10.261999999999993
2020-12-09,45.48,48.81,1.312,1.398,1.281,10.827999999999996
2020-12-10,46.76,50.33,1.344,1.433,1.306,10.933999999999997
2020-12-11,46.59,50.01,1.338,1.431,1.314,10.908000000000008
2020-12-14,47.02,50.27,1.351,1.451,1.338,11.121999999999993
2020-12-15,47.58,50.77,1.355,1.461,1.346,10.814
2020-12-16,47.86,50.83,1.385,1.478,1.35,11.612000000000002
2020-12-17,48.34,51.2,1.421,1.491,1.373,12.322000000000003
2020-12-18,49.04,52.17,1.43,1.513,1.388,12.182000000000002
2020-12-21,47.79,50.61,1.387,1.468,1.35,11.597999999999999
2020-12-22,47.02,49.88,1.372,1.46,1.324,11.835999999999999
2020-12-23,47.94,51.05,1.415,1.495,1.363,12.610000000000007
2020-12-24,48.18,50.88,1.413,1.494,1.36,12.299999999999997
2020-12-28,47.5,50.88,1.396,1.48,1.343,12.307999999999993
2020-12-29,47.85,50.44,1.417,1.484,1.353,12.601999999999997
2020-12-30,48.24,50.74,1.438,1.475,1.355,12.674000000000007
2020-12-31,48.35,51.22,1.438,1.473,1.34,12.536000000000001
2021-01-04,47.47,50.37,1.402,1.459,1.312,12.211999999999996
2021-01-05,49.78,53.16,1.485,1.521,1.376,13.094000000000001
2021-01-06,50.45,53.8,1.503,1.524,1.371,12.969999999999992
2021-01-07,50.63,53.7,1.512,1.537,1.38,13.224000000000004
2021-01-08,52.14,55.51,1.576,1.582,1.424,14.13600000000001
2021-01-11,52.15,54.84,1.549,1.57,1.412,13.201999999999991
2021-01-12,53.08,55.98,1.583,1.594,1.463,13.560000000000002
2021-01-13,52.81,55.52,1.575,1.594,1.462,13.605999999999995
2021-01-14,53.47,55.76,1.596,1.615,1.473,13.828000000000003
2021-01-15,52.25,54.8,1.561,1.585,1.433,13.647999999999996
2021-01-19,52.87,55.38,1.58,1.594,1.443,13.686
2021-01-20,53.16,55.66,1.578,1.591,1.442,13.298000000000002
2021-01-21,53.0,55.68,1.588,1.594,1.444,13.780000000000001
2021-01-22,52.28,55.22,1.578,1.569,1.421,13.86999999999999
2021-01-25,52.78,55.44,1.598,1.59,1.464,14.224000000000004
2021-01-26,52.61,55.26,1.611,1.594,1.409,14.814000000000007
2021-01-27,52.81,55.07,1.607,1.605,1.424,14.655999999999992
2021-01-28,52.26,54.87,1.618,1.599,1.418,15.43
2021-01-29,52.16,55.25,1.594,1.599,1.417,14.858000000000018
2021-02-01,53.55,56.42,1.628,1.649,1.454,15.120000000000005
2021-02-02,54.77,57.62,1.657,1.682,1.484,15.174
2021-02-03,55.67,58.61,1.685,1.694,1.505,15.225999999999999
2021-02-04,56.19,58.98,1.682,1.707,1.521,14.803999999999988
2021-02-05,56.8,59.48,1.672,1.716,1.527,14.040000000000006
2021-02-08,57.95,60.17,1.699,1.753,1.567,14.163999999999987
2021-02-09,58.34,60.74,1.688,1.757,1.569,13.522000000000006
2021-02-10,58.69,61.17,1.661,1.757,1.569,12.415999999999997
2021-02-11,58.22,61.09,1.667,1.741,1.554,12.829999999999998
2021-02-12,59.5,62.47,1.712,1.778,1.581,13.327999999999989
2021-02-16,60.07,63.96,1.795,1.819,1.632,15.655999999999999
2021-02-17,61.09,65.02,1.831,1.846,1.659,16.022000000000006
2021-02-18,60.4,64.09,1.796,1.825,1.624,15.43800000000001
2021-02-19,59.12,62.84,1.807,1.818,1.618,16.928000000000004
2021-02-22,61.67,64.73,1.862,1.866,1.671,16.590000000000003
2021-02-23,61.66,65.16,1.895,1.884,1.717,17.775999999999996
2021-02-24,63.21,66.85,1.919,1.921,1.754,17.41599999999999
2021-02-25,63.43,66.69,1.912,1.903,1.729,16.747999999999998
2021-02-26,61.55,65.86,1.897,1.851,1.682,17.480000000000018
2021-03-01,60.54,64.56,1.869,1.823,1.645,17.314
2021-03-02,59.7,63.17,1.88,1.811,1.636,18.293999999999983
2021-03-03,61.33,64.7,1.92,1.837,1.655,18.147999999999996
2021-03-04,63.81,67.32,1.979,1.901,1.719,18.216000000000008
2021-03-05,66.08,69.95,2.05,1.951,1.769,18.634
2021-03-08,65.03,68.0,2.023,1.906,1.71,18.298000000000002
2021-03-09,64.02,67.03,2.002,1.895,1.702,18.566000000000003
2021-03-10,64.45,67.53,2.049,1.915,1.722,19.732
2021-03-11,66.02,69.34,2.119,1.959,1.76,20.738
2021-03-12,65.59,68.87,2.211,1.958,1.76,23.72999999999999
2021-03-15,65.36,68.78,2.166,1.944,1.748,22.50399999999999
2021-03-16,64.82,67.95,2.127,1.931,1.728,21.769999999999996
2021-03-17,64.55,67.73,2.077,1.901,1.686,20.22
2021-03-18,59.95,62.11,1.941,1.766,1.579,19.122
2021-03-19,61.43,64.0,1.89,1.822,1.622,16.997999999999998
2021-03-22,61.48,63.89,1.908,1.823,1.633,17.466
2021-03-23,57.75,59.96,1.85,1.737,1.54,18.36800000000001
2021-03-24,61.12,63.7,1.961,1.818,1.645,19.240000000000016
2021-03-25,58.47,61.21,1.898,1.746,1.573,19.117999999999995
2021-03-26,60.93,63.77,1.925,1.802,1.604,18.198
2021-03-29,61.49,64.06,1.961,1.808,1.61,18.73000000000001
2021-03-30,60.55,63.28,1.94,1.787,1.588,18.78800000000001
2021-03-31,59.19,63.52,1.938,1.771,1.571,19.867999999999995
2021-04-01,61.41,63.85,1.997,1.824,1.624,20.042000000000016
2021-04-05,58.73,63.85,1.94,1.774,1.582,20.42600000000001
2021-04-06,59.34,61.47,1.953,1.797,1.596,20.501999999999995
2021-04-07,59.77,61.86,1.93,1.805,1.604,19.54
2021-04-08,59.61,62.09,1.947,1.813,1.61,20.28800000000001
2021-04-09,59.29,61.89,1.956,1.81,1.805,20.818000000000005
2021-04-12,59.7,62.38,1.96,1.814,1.623,20.575999999999993
2021-04-13,60.2,62.83,1.97,1.817,1.632,20.397999999999996
2021-04-14,63.15,66.11,2.018,1.881,1.696,19.68799999999998
2021-04-15,63.42,66.13,2.04,1.897,1.71,20.25800000000001
2021-04-16,63.16,65.98,2.029,1.894,1.699,20.167999999999992
2021-04-19,63.33,66.54,2.029,1.896,1.701,20.025999999999996
2021-04-20,62.61,65.34,2.0,1.878,1.682,19.681999999999988
2021-04-21,61.34,64.02,1.946,1.848,1.644,19.019999999999996
2021-04-22,61.45,65.07,1.953,1.864,1.661,19.33
2021-04-23,62.18,65.75,1.967,1.874,1.67,19.131999999999998
2021-04-26,62.02,65.5,1.946,1.878,1.673,18.759999999999984
2021-04-27,63.03,66.25,1.995,1.913,1.703,19.61200000000001
2021-04-28,63.81,67.08,2.036,1.934,1.724,20.274
2021-04-29,65.0,68.26,2.081,1.958,1.729,20.680000000000007
2021-04-30,63.5,67.73,2.055,1.919,1.689,20.906000000000006
2021-05-03,64.46,67.73,2.093,1.952,1.722,21.47200000000001
2021-05-04,65.72,68.91,2.147,2.002,1.762,22.423999999999992
2021-05-05,65.63,69.71,2.132,1.999,1.755,22.05200000000002
2021-05-06,64.73,68.62,2.107,1.997,1.749,22.224000000000004
2021-05-07,64.96,68.73,2.121,2.013,1.75,22.61
2021-05-10,64.92,68.61,2.118,2.02,1.749,22.663999999999987
2021-05-11,65.31,68.83,2.137,2.053,1.77,23.268000000000015
2021-05-12,65.96,69.62,2.172,2.08,1.81,23.976
2021-05-13,63.82,67.36,2.098,2.006,1.736,23.00799999999999
2021-05-14,65.32,69.24,2.151,2.045,1.775,23.537999999999997
2021-05-17,66.24,69.62,2.175,2.067,1.777,23.598000000000013
2021-05-18,65.49,69.01,2.175,2.062,1.772,24.27799999999999
2021-05-19,63.28,66.88,2.097,2.013,1.738,23.61799999999998
2021-05-20,61.95,65.18,2.021,1.96,1.672,22.07799999999999
2021-05-21,63.61,66.72,2.056,1.997,1.699,21.91600000000001
2021-05-24,66.13,68.59,2.093,2.044,1.765,21.090000000000018
2021-05-25,66.27,68.8,2.084,2.028,1.75,20.474000000000018
2021-05-26,66.41,68.93,2.119,2.048,1.763,21.59400000000001
2021-05-27,66.87,69.43,2.122,2.059,1.773,21.372
2021-05-28,66.31,69.36,2.11,2.04,1.759,21.329999999999984
2021-06-01,67.8,70.03,2.145,2.082,1.797,21.408000000000015
2021-06-02,68.79,70.6,2.153,2.109,1.823,21.019999999999996
2021-06-03,68.81,70.71,2.161,2.106,1.818,21.182000000000002
2021-06-04,69.57,71.3,2.164,2.116,1.828,20.646000000000015
2021-06-07,69.21,70.89,2.155,2.116,1.829,20.754000000000005
2021-06-08,70.11,71.39,2.186,2.141,1.854,21.072000000000003
2021-06-09,69.9,71.31,2.157,2.126,1.819,20.260000000000005
2021-06-10,70.34,71.65,2.169,2.144,1.841,20.408
2021-06-11,71.0,72.05,2.143,2.12,1.822,18.683999999999983
2021-06-14,70.94,72.27,2.138,2.115,1.847,18.534000000000006
2021-06-15,72.06,73.38,2.135,2.116,1.855,17.343999999999994
2021-06-16,72.03,73.88,2.105,2.095,1.834,16.239999999999995
2021-06-17,71.06,72.92,2.096,2.066,1.826,16.552000000000007
2021-06-18,71.64,73.1,2.129,2.088,1.863,17.204000000000008
2021-06-21,73.64,74.49,2.157,2.124,1.899,16.49199999999999
2021-06-22,73.15,74.92,2.19,2.154,1.933,18.325999999999993
2021-06-23,73.11,75.22,2.241,2.157,1.939,19.835999999999984
2021-06-24,73.31,75.95,2.233,2.164,1.903,19.510000000000005
2021-06-25,74.21,76.45,2.217,2.145,1.882,17.896
2021-06-28,72.98,74.78,2.175,2.118,1.876,17.571999999999974
2021-06-29,73.14,75.38,2.211,2.132,1.884,18.616000000000014
2021-06-30,73.52,76.94,2.209,2.126,1.883,18.096000000000004
2021-07-01,75.33,76.69,2.232,2.147,1.897,17.224000000000018
2021-07-02,75.37,77.51,2.276,2.179,1.934,18.863999999999976
2021-07-06,73.62,75.81,2.209,2.12,1.87,17.911999999999992
2021-07-07,72.22,74.31,2.176,2.087,1.837,17.926000000000016
2021-07-08,72.98,75.07,2.234,2.128,1.878,19.364000000000004
2021-07-09,74.56,77.14,2.261,2.152,1.902,18.87599999999999
2021-07-12,74.21,76.77,2.265,2.15,1.923,19.310000000000002
2021-07-13,75.24,77.5,2.302,2.18,1.954,19.736000000000004
2021-07-14,73.06,75.74,2.288,2.136,1.904,20.908
2021-07-15,71.67,74.53,2.244,2.103,1.864,20.604
2021-07-16,71.76,74.46,2.243,2.102,1.865,20.47199999999998
2021-07-19,66.45,69.33,2.112,1.984,1.747,20.46199999999999
2021-07-20,67.32,70.03,2.139,2.015,1.846,20.781999999999996
2021-07-21,70.26,72.54,2.215,2.084,1.839,20.936000000000007
2021-07-22,72.15,74.25,2.264,2.127,1.886,21.019999999999996
2021-07-23,72.24,74.86,2.292,2.133,1.89,21.798000000000002
2021-07-26,72.15,74.79,2.319,2.156,1.913,22.965999999999994
2021-07-27,71.68,74.87,2.316,2.146,1.899,23.21199999999999
2021-07-28,72.37,75.09,2.305,2.151,1.901,22.283999999999992
2021-07-29,73.62,76.3,2.352,2.19,1.94,22.896
2021-07-30,73.93,77.72,2.359,2.191,1.936,22.795999999999992
2021-08-02,71.31,73.91,2.283,2.142,1.887,22.60199999999999
2021-08-03,70.64,73.24,2.292,2.123,1.858,23.25800000000001
2021-08-04,68.19,70.99,2.258,2.069,1.789,24.0
2021-08-05,69.1,72.14,2.312,2.101,1.821,25.049999999999997
2021-08-06,68.26,71.02,2.265,2.076,1.804,24.22399999999999
2021-08-09,66.56,69.65,2.26,2.044,1.791,25.336
2021-08-10,68.33,71.14,2.284,2.083,1.816,24.783999999999992
2021-08-11,69.3,71.99,2.324,2.108,1.843,25.283999999999992
2021-08-12,69.12,71.79,2.289,2.098,1.838,24.343999999999994
2021-08-13,68.36,70.9,2.263,2.063,1.806,23.885999999999996
2021-08-16,67.44,70.07,2.219,2.05,1.795,23.391999999999996
2021-08-17,66.5,69.4,2.18,2.037,1.782,23.057999999999993
2021-08-18,65.36,68.61,2.12,1.999,1.742,21.986000000000004
2021-08-19,63.69,66.8,2.082,1.969,1.71,22.17200000000001
2021-08-20,62.25,65.51,2.008,1.897,1.645,20.531999999999996
2021-08-23,65.65,69.07,2.113,1.996,1.769,21.457999999999984
2021-08-24,67.5,71.21,2.174,2.066,1.842,22.295999999999992
2021-08-25,68.54,72.12,2.291,2.113,1.88,25.189999999999998
2021-08-26,67.42,70.42,2.261,2.079,1.842,24.994
2021-08-27,68.84,72.26,2.285,2.107,1.879,24.638000000000005
2021-08-30,69.28,72.26,2.32,2.14,1.918,25.64
2021-08-31,68.43,73.45,2.293,2.14,1.921,25.733999999999995
2021-09-01,68.63,71.99,2.298,2.12,1.907,25.394000000000005
2021-09-02,70.07,73.56,2.347,2.159,1.942,25.872000000000014
2021-09-03,69.34,73.07,2.339,2.157,1.949,26.349999999999994
2021-09-07,68.49,71.52,2.28,2.122,1.907,25.058000000000007
2021-09-08,69.36,72.36,2.292,2.134,1.916,24.692000000000007
2021-09-09,68.26,71.32,2.269,2.111,1.893,24.826000000000008
2021-09-10,69.82,72.44,2.307,2.14,1.922,24.736000000000004
2021-09-13,70.54,72.97,2.299,2.16,1.955,24.072000000000003
2021-09-14,70.53,73.05,2.307,2.161,1.965,24.31999999999998
2021-09-15,72.59,74.84,2.318,2.207,2.015,23.212000000000003
2021-09-16,72.69,75.14,2.299,2.214,2.022,22.677999999999997
2021-09-17,72.09,74.64,2.29,2.208,2.021,22.941999999999993
2021-09-20,70.41,73.59,2.23,2.172,1.972,22.438000000000002
2021-09-21,70.51,73.65,2.218,2.184,1.989,22.17
2021-09-22,72.37,75.5,2.219,2.21,2.015,20.701999999999998
2021-09-23,73.43,76.44,2.262,2.248,2.053,21.378
2021-09-24,74.18,77.42,2.263,2.27,2.08,20.964
2021-09-27,75.54,78.85,2.279,2.297,2.115,20.42999999999998
2021-09-28,75.44,78.3,2.254,2.283,2.105,19.634
2021-09-29,75.06,77.86,2.282,2.312,2.124,21.203999999999994
2021-09-30,75.22,77.81,2.309,2.344,2.201,22.248000000000005
2021-10-01,76.01,79.4,2.346,2.381,2.168,23.012
2021-10-04,77.68,81.44,2.412,2.439,2.284,24.001999999999995
2021-10-05,79.17,82.72,2.426,2.503,2.278,23.80000000000001
2021-10-06,77.66,81.39,2.378,2.44,2.22,23.084000000000017
2021-10-07,78.46,82.34,2.413,2.472,2.257,23.71199999999999
2021-10-08,79.55,82.17,2.44,2.483,2.263,23.531999999999996
2021-10-11,80.64,83.75,2.477,2.529,2.309,24.121999999999986
2021-10-12,80.75,83.53,2.464,2.527,2.299,23.620000000000005
2021-10-13,80.67,83.53,2.486,2.542,2.314,24.52600000000001
2021-10-14,81.43,83.86,2.508,2.588,2.361,25.025999999999996
2021-10-15,82.39,84.67,2.574,2.588,2.36,25.913999999999987
2021-10-18,82.62,84.13,2.575,2.557,2.305,25.278000000000006
2021-10-19,83.19,85.02,2.557,2.567,2.322,24.343999999999994
2021-10-20,84.4,85.76,2.589,2.598,2.353,24.463999999999984
2021-10-21,82.64,84.58,2.544,2.558,2.314,24.403999999999996
2021-10-22,84.53,85.43,2.571,2.558,2.312,23.27000000000001
2021-10-25,84.64,84.85,2.591,2.572,2.326,23.915999999999997
2021-10-26,85.64,85.11,2.591,2.573,2.339,22.930000000000007
2021-10-27,82.66,84.12,2.508,2.505,2.271,22.634
2021-10-28,82.78,83.4,2.518,2.51,2.278,22.86399999999999
2021-10-29,83.5,83.1,2.537,2.487,2.285,22.354
2021-11-01,84.08,84.51,2.494,2.511,2.301,20.906000000000006
2021-11-02,83.91,84.42,2.596,2.51,2.3,23.91800000000002
2021-11-03,80.82,81.1,2.487,2.431,2.221,22.85000000000001
2021-11-04,78.88,80.15,2.442,2.415,2.212,23.305999999999997
2021-11-05,81.25,82.43,2.458,2.455,2.253,21.944000000000003
2021-11-08,81.96,83.22,2.437,2.478,2.273,20.968000000000004
2021-11-09,84.12,84.52,2.48,2.517,2.319,20.557999999999993
2021-11-10,81.23,82.91,2.4,2.455,2.258,20.33999999999999
2021-11-11,81.47,83.4,2.416,2.445,2.245,20.408
2021-11-12,80.87,82.9,2.415,2.411,2.214,20.504000000000005
2021-11-15,80.85,81.94,2.424,2.408,2.21,20.733999999999995
2021-11-16,80.76,82.85,2.438,2.434,2.239,21.579999999999984
2021-11-17,78.32,80.67,2.363,2.372,2.175,21.052000000000007
2021-11-18,78.92,82.45,2.378,2.387,2.187,21.082000000000008
2021-11-19,76.11,80.24,2.288,2.29,2.09,20.01399999999998
2021-11-22,76.74,80.97,2.33,2.323,2.123,21.022000000000006
2021-11-23,78.32,83.43,2.414,2.394,2.195,22.78800000000001
2021-11-24,78.32,82.37,2.385,2.373,2.198,21.682000000000002
2021-11-29,69.88,73.34,2.13,2.143,1.965,19.762
2021-11-30,66.14,70.86,2.028,2.062,1.882,19.512
2021-12-01,65.44,69.53,1.992,2.07,1.88,19.316000000000003
2021-12-02,66.6,70.56,2.07,2.111,1.93,20.914000000000016
2021-12-03,66.39,70.71,2.037,2.096,1.935,19.989999999999995
2021-12-06,69.62,73.38,2.136,2.178,2.035,20.679999999999993
2021-12-07,71.94,75.54,2.193,2.231,2.088,20.697999999999993
2021-12-08,72.43,75.94,2.235,2.272,2.127,21.957999999999984
2021-12-09,70.87,74.1,2.193,2.235,2.103,21.823999999999998
2021-12-10,71.71,74.98,2.225,2.258,2.125,22.201999999999998
2021-12-13,71.19,74.12,2.206,2.238,2.103,21.91000000000001
2021-12-14,70.57,73.37,2.184,2.211,2.076,21.536
2021-12-15,70.89,73.71,2.225,2.238,2.098,22.742000000000004
2021-12-16,72.34,74.64,2.233,2.257,2.112,21.781999999999996
2021-12-17,70.93,72.97,2.208,2.22,2.075,21.97399999999999
2021-12-20,68.69,70.51,2.149,2.188,2.02,22.11399999999999
2021-12-21,71.1,72.85,2.207,2.263,2.094,22.378
2021-12-22,72.82,74.69,2.222,2.311,2.142,21.75
2021-12-23,73.89,76.26,2.257,2.331,2.172,21.939999999999998
2021-12-27,75.49,76.26,2.283,2.358,2.192,21.445999999999998
2021-12-28,76.01,76.26,2.293,2.371,2.205,21.388000000000005
2021-12-29,76.58,78.63,2.317,2.376,2.209,21.560000000000002
2021-12-30,76.83,78.61,2.322,2.379,2.213,21.492000000000004
2021-12-31,75.33,77.24,2.274,2.327,2.161,20.92
2022-01-03,75.99,78.25,2.302,2.361,2.195,21.519999999999996
2022-01-04,77.0,79.39,2.314,2.419,2.247,21.658
2022-01-05,77.83,80.6,2.312,2.435,2.263,20.99600000000001
2022-01-06,79.47,81.99,2.346,2.487,2.315,21.036000000000016
2022-01-07,79.0,82.28,2.346,2.496,2.329,21.632000000000005
2022-01-10,78.11,81.56,2.323,2.503,2.351,21.976000000000013
2022-01-11,81.17,84.98,2.401,2.581,2.429,22.19199999999998
2022-01-12,82.51,85.83,2.439,2.612,2.444,22.35000000000001
2022-01-13,81.97,85.8,2.417,2.611,2.444,22.260000000000005
2022-01-14,83.82,87.17,2.473,2.653,2.486,22.566000000000017
2022-01-18,85.42,88.83,2.5,2.703,2.558,22.421999999999997
2022-01-19,86.84,89.64,2.497,2.685,2.54,20.665999999999983
2022-01-20,86.29,89.75,2.476,2.646,2.484,20.081999999999994
2022-01-21,85.16,89.75,2.486,2.689,2.519,22.09400000000001
2022-01-24,84.48,87.74,2.465,2.651,2.467,21.653999999999996
2022-01-25,86.61,89.49,2.498,2.669,2.459,20.700000000000003
2022-01-26,88.33,91.22,2.568,2.741,2.564,21.948000000000008
2022-01-27,87.61,90.7,2.61,2.828,2.653,25.061999999999983
2022-01-28,87.67,91.47,2.605,2.783,2.593,24.232
2022-01-31,89.16,92.35,2.607,2.762,2.58,22.504000000000005
2022-02-01,88.22,90.24,2.634,2.745,2.578,23.962000000000003
2022-02-02,88.16,91.43,2.655,2.762,2.595,24.848
2022-02-03,90.17,92.99,2.701,2.827,2.652,25.036
2022-02-04,92.27,96.86,2.726,2.861,2.681,24.11200000000001
2022-02-07,91.25,97.28,2.755,2.857,2.732,25.88799999999999
2022-02-08,89.32,96.07,2.694,2.872,2.684,26.319999999999993
2022-02-09,89.57,94.95,2.725,2.907,2.707,27.42800000000001
2022-02-10,89.83,96.37,2.722,2.892,2.687,26.873999999999995
2022-02-11,93.1,97.5,2.812,3.005,2.8,27.706000000000003
2022-02-14,95.52,101.66,2.824,3.022,2.789,25.86
2022-02-15,92.07,98.43,2.729,2.922,2.685,25.250000000000014
2022-02-16,93.83,97.44,2.655,2.833,2.61,20.171999999999997
2022-02-17,91.78,95.28,2.713,2.826,2.584,23.748000000000005
2022-02-18,91.26,96.18,2.743,2.802,2.599,24.77199999999999
2022-02-22,92.11,98.73,2.74,2.802,2.627,23.838000000000022
2022-02-23,92.14,99.29,2.778,2.841,2.671,25.417999999999992
2022-02-24,92.77,101.29,2.825,2.906,2.721,27.01400000000001
2022-02-25,91.68,98.56,2.782,2.872,2.692,26.423999999999992
2022-02-28,96.13,103.08,2.826,3.011,2.856,25.152
2022-03-01,103.66,110.93,3.172,3.297,3.04,31.31400000000002
2022-03-02,110.74,118.94,3.246,3.648,3.383,31.220000000000013
2022-03-03,107.69,115.36,3.183,3.637,3.317,32.352000000000004
2022-03-04,115.77,123.86,3.414,3.908,3.588,34.534000000000006
2022-03-07,119.26,129.02,3.48,4.102,3.712,35.60800000000002
2022-03-08,123.64,133.18,3.595,4.573,4.1,41.042000000000016
2022-03-09,108.81,116.58,3.221,3.678,3.198,32.870000000000005
2022-03-10,105.93,114.54,3.039,3.452,3.117,27.48999999999998
2022-03-11,109.31,118.11,3.199,3.578,3.246,30.353999999999985
2022-03-14,103.22,110.39,3.056,3.382,3.07,29.696000000000026
2022-03-15,96.42,105.14,2.851,3.096,2.826,26.75200000000001
2022-03-16,94.85,104.61,2.862,3.234,2.954,30.561999999999998
2022-03-17,102.97,113.5,3.098,3.595,3.29,34.103999999999985
2022-03-18,104.69,114.32,3.133,3.739,3.372,35.380000000000024
2022-03-21,112.14,122.29,3.269,3.953,3.626,34.733999999999995
2022-03-22,111.03,121.53,3.208,4.0,3.588,34.79400000000001
2022-03-23,114.89,127.52,3.325,4.262,3.842,37.878
2022-03-24,114.2,123.98,3.25,4.327,3.962,37.378
2022-03-25,116.2,122.67,3.318,4.24,3.825,36.06400000000001
2022-03-28,107.55,114.5,3.041,3.896,3.481,32.14200000000001
2022-03-29,104.25,112.79,3.037,3.846,4.011,34.629999999999995
2022-03-30,107.81,115.59,3.12,3.875,4.0,33.79999999999998
2022-03-31,100.53,107.29,3.107,3.618,3.835,37.117999999999995
2022-04-01,99.32,106.13,3.071,3.408,3.625,34.380000000000024
2022-04-04,103.29,108.15,3.202,3.846,3.811,40.209999999999994
2022-04-05,101.98,106.6,3.125,3.784,3.629,38.495999999999995
2022-04-06,96.39,100.81,3.059,3.706,3.591,41.146
2022-04-07,96.05,99.83,3.032,3.572,3.367,38.854
2022-04-08,98.35,101.26,3.106,3.611,3.406,39.172000000000025
2022-04-11,94.22,97.92,2.998,3.483,3.343,38.48600000000002
2022-04-12,100.52,104.42,3.151,3.662,3.502,38.975999999999985
2022-04-13,104.26,108.49,3.279,3.894,3.724,42.068
2022-04-14,106.84,110.83,3.315,3.998,3.848,41.952
2022-04-18,108.24,110.83,3.303,4.018,3.848,40.495999999999995
2022-04-19,102.54,105.49,3.038,4.074,3.799,39.55999999999999
2022-04-20,102.56,105.05,3.085,4.178,3.903,42.31199999999998
2022-04-21,103.89,107.2,3.111,4.085,3.865,40.408
2022-04-22,102.86,105.15,3.067,4.101,3.881,40.42999999999999
2022-04-25,99.6,99.27,3.231,4.272,4.227,50.67599999999999
2022-04-26,102.62,102.89,3.347,4.545,4.52,54.726
2022-04-27,101.96,103.3,3.434,4.789,4.789,61.238000000000014
2022-04-28,105.47,105.78,3.463,5.196,5.066,64.238
2022-04-29,104.59,108.36,3.433,4.624,4.529,56.26999999999998
2022-05-02,105.18,108.36,3.494,5.161,4.466,64.906
2022-05-03,102.53,104.94,3.525,4.983,4.203,65.93199999999999
2022-05-04,107.84,110.53,3.697,5.009,4.326,65.80200000000002
2022-05-05,108.17,112.11,3.698,4.963,4.18,64.85599999999998
2022-05-06,109.72,113.86,3.85,4.768,4.155,64.83200000000002
2022-05-09,103.08,106.67,3.648,4.858,3.961,67.07599999999998
2022-05-10,99.74,102.61,3.558,5.198,4.123,72.65599999999999
2022-05-11,105.5,107.7,3.7,5.339,4.094,72.846
2022-05-12,106.15,108.06,3.832,5.327,4.009,75.72399999999999
2022-05-13,110.52,112.12,3.988,5.339,4.021,75.89
2022-05-16,114.07,114.86,4.06,5.102,3.827,71.03799999999998
2022-05-17,112.31,112.89,4.003,5.04,3.645,70.334
2022-05-18,109.67,110.04,3.784,4.397,3.472,57.83999999999999
2022-05-19,112.21,113.22,3.892,4.019,3.564,53.032
2022-05-20,112.63,113.63,3.918,4.004,3.504,53.129999999999995
2022-05-23,110.32,115.13,3.857,3.964,3.517,53.172
2022-05-24,112.55,115.77,3.849,3.981,3.636,50.956
2022-05-25,112.88,116.41,3.898,4.064,3.741,53.16
2022-05-26,116.19,119.81,3.927,4.031,3.823,50.19999999999999
2022-05-27,114.96,121.19,4.102,4.022,3.852,56.20400000000002
2022-05-31,114.38,125.53,4.11,3.994,3.815,56.616000000000014
2022-06-01,115.26,122.2,4.282,4.238,3.933,63.967999999999975
2022-06-02,116.88,122.2,4.442,4.342,4.052,68.28399999999999
2022-06-03,118.97,125.68,4.509,4.422,4.104,69.19
2022-06-06,118.41,124.99,4.44,4.459,4.152,68.33600000000001
2022-06-07,119.55,126.89,4.307,4.401,4.086,62.66000000000001
2022-06-08,121.94,129.2,4.384,4.395,4.08,62.34200000000001
2022-06-09,121.52,128.47,4.304,4.498,4.213,61.96400000000001
2022-06-10,120.73,127.44,4.205,4.445,4.172,59.24000000000002
2022-06-13,120.92,128.44,4.068,4.349,4.079,53.86999999999999
2022-06-14,118.92,127.02,4.052,4.451,4.201,56.84999999999998
2022-06-15,115.32,124.96,3.945,4.579,4.319,59.24600000000001
2022-06-16,117.56,125.78,3.966,4.623,4.401,58.20999999999998
2022-06-17,109.56,119.22,3.888,4.44,4.21,61.464
2022-06-21,110.49,118.51,3.888,4.44,4.21,60.534000000000006
2022-06-22,106.22,115.54,3.855,4.412,4.192,63.488
2022-06-23,105.75,114.5,3.836,4.344,4.066,62.47400000000002
2022-06-24,109.07,117.36,3.966,4.366,4.253,63.102000000000004
2022-06-27,111.44,119.69,3.927,4.261,4.133,58.170000000000016
2022-06-28,113.66,122.21,3.96,4.19,4.04,55.879999999999995
2022-06-29,111.65,120.8,3.813,4.027,3.872,51.49200000000002
2022-06-30,107.76,119.78,3.679,3.918,3.753,50.104
2022-07-01,110.3,119.21,3.812,4.026,3.779,52.8
2022-07-05,101.55,110.49,3.492,3.643,3.411,47.227999999999994
2022-07-06,100.31,108.54,3.393,3.503,3.246,43.73600000000002
2022-07-07,104.62,113.4,3.597,3.753,3.5,48.638000000000005
2022-07-08,106.78,113.95,3.645,3.764,3.524,47.976
2022-07-11,106.09,114.85,3.643,3.847,3.607,49.77199999999999
2022-07-12,97.69,106.98,3.468,3.733,3.518,51.676000000000016
2022-07-13,98.44,107.17,3.439,3.767,3.582,50.59
2022-07-14,97.79,107.74,3.394,3.753,3.538,49.78399999999998
2022-07-15,99.59,112.26,3.419,3.789,3.542,49.18800000000002
2022-07-18,104.48,117.27,3.472,3.713,3.465,44.718
2022-07-19,106.12,114.96,3.518,3.672,3.445,43.792
2022-07-20,104.45,115.86,3.466,3.642,3.404,43.586
2022-07-21,98.44,112.81,3.229,3.617,3.379,42.609999999999985
2022-07-22,97.71,106.77,3.346,3.527,3.334,45.35600000000001
2022-07-25,99.83,108.23,3.446,3.53,3.343,46.07799999999999
2022-07-26,97.74,107.32,3.425,3.593,3.436,48.462
2022-07-27,100.03,109.64,3.521,3.743,3.585,50.96000000000001
2022-07-28,99.11,109.68,3.56,3.693,3.521,52.272000000000006
2022-07-29,101.31,111.51,3.391,3.607,3.402,44.135999999999996
2022-08-01,96.59,106.09,3.373,3.51,3.245,46.99399999999997
2022-08-02,97.14,106.51,3.25,3.442,3.18,42.048000000000016
2022-08-03,93.25,101.82,3.198,3.45,3.19,44.59400000000002
2022-08-04,91.29,97.99,3.049,3.323,3.063,40.604
2022-08-05,91.77,100.31,3.132,3.205,2.968,40.79600000000001
2022-08-08,93.52,103.46,3.166,3.176,2.941,39.592
2022-08-09,93.18,103.81,3.26,3.335,3.078,44.78999999999999
2022-08-10,94.68,105.06,3.136,3.403,3.213,40.77000000000001
2022-08-11,97.02,107.19,3.144,3.484,3.267,39.788
2022-08-12,94.86,103.7,3.117,3.512,3.259,41.58399999999999
2022-08-15,92.24,98.25,3.033,3.455,3.21,41.054000000000016
2022-08-16,89.23,95.36,2.983,3.473,3.211,42.91599999999998
2022-08-17,90.85,97.22,3.014,3.602,3.319,43.97
2022-08-18,93.2,96.35,3.067,3.642,3.367,43.664
2022-08-19,93.55,96.45,3.028,3.689,3.416,42.87999999999998
2022-08-22,93.42,95.06,2.92,3.766,3.489,41.06400000000001
2022-08-23,96.46,99.49,2.958,3.831,3.554,39.998000000000005
2022-08-24,95.52,99.87,2.847,4.026,3.766,40.56000000000002
2022-08-25,93.33,98.81,2.842,3.949,3.691,41.532
2022-08-26,93.63,101.13,2.874,4.005,3.753,42.912000000000006
2022-08-29,97.4,101.13,2.912,3.921,3.651,39.02999999999997
2022-08-30,92.08,99.34,2.719,3.817,3.547,37.49000000000002
2022-08-31,90.09,96.55,2.598,3.702,3.422,34.482
2022-09-01,87.09,92.24,2.552,3.59,3.27,34.626000000000005
2022-09-02,87.29,93.09,2.624,3.667,3.354,37.51999999999998
2022-09-06,87.35,91.43,2.594,3.618,3.306,35.934
2022-09-07,82.5,86.83,2.566,3.603,3.318,39.790000000000006
2022-09-08,84.04,87.99,2.583,3.569,3.309,38.25
2022-09-09,87.27,91.68,2.672,3.604,3.349,38.00200000000001
2022-09-12,88.18,93.45,2.717,3.637,3.38,38.81399999999998
2022-09-13,87.84,92.04,2.728,3.6,3.328,38.944
2022-09-14,88.88,92.83,2.778,3.415,3.145,36.71400000000001
2022-09-15,85.72,89.28,2.673,3.253,2.968,34.66600000000001
2022-09-16,85.57,89.43,2.621,3.194,2.942,32.534000000000006
2022-09-19,86.15,89.43,2.666,3.316,3.056,34.922
2022-09-20,84.69,89.62,2.596,3.377,3.192,35.27600000000001
2022-09-21,83.38,89.86,2.593,3.333,3.2,35.88600000000001
2022-09-22,84.02,90.4,2.653,3.415,3.25,38.07400000000001
2022-09-23,79.07,84.29,2.538,3.26,3.112,37.634
2022-09-26,77.17,82.55,2.418,3.15,3.052,34.634000000000015
2022-09-27,78.91,85.97,2.716,3.266,3.244,42.86200000000001
2022-09-28,82.61,89.55,2.781,3.463,3.443,43.74000000000001
2022-09-29,81.78,89.41,2.73,3.419,3.752,42.525999999999996
2022-09-30,79.91,88.9,2.692,3.39,3.522,42.926000000000016
2022-10-03,84.05,90.68,2.838,3.517,3.322,44.652
2022-10-04,86.87,93.74,2.976,3.66,3.44,47.69800000000001
2022-10-05,88.22,94.35,2.982,3.931,3.641,50.31
2022-10-06,88.9,95.65,3.018,4.1,3.803,53.00399999999999
2022-10-07,93.07,98.88,3.077,4.34,3.928,53.84600000000003
2022-10-11,89.75,95.17,2.882,4.295,3.627,51.07599999999999
2022-10-12,87.83,93.44,2.915,4.283,3.623,53.752000000000024
2022-10-13,89.59,95.16,2.942,4.6,3.81,57.18599999999998
2022-10-14,86.1,92.22,2.983,4.737,3.647,63.74200000000002
2022-10-17,86.0,91.04,2.868,4.844,3.711,62.120000000000005
2022-10-18,83.29,89.46,2.87,4.734,3.504,63.34599999999999
2022-10-19,86.0,91.34,2.955,4.027,3.407,53.11800000000002
2022-10-20,86.02,91.52,2.956,4.282,3.282,56.69600000000001
2022-10-21,85.47,91.82,2.949,4.279,3.389,57.00799999999998
2022-10-24,86.12,91.57,3.049,4.372,3.749,60.46000000000001
2022-10-25,86.93,91.76,3.198,4.256,3.764,62.19800000000001
2022-10-26,89.39,92.93,3.226,4.443,4.013,63.14
2022-10-27,89.06,94.17,3.293,4.529,4.099,66.55000000000001
2022-10-28,87.85,94.64,3.152,4.87,4.365,68.58600000000001
2022-10-31,86.54,93.3,3.127,4.793,4.183,68.11800000000001
2022-11-01,88.36,95.12,3.095,4.332,3.309,58.94799999999999
2022-11-02,90.06,96.07,2.992,3.981,3.371,49.44999999999999
2022-11-03,88.14,95.29,3.186,4.658,3.605,66.28000000000002
2022-11-04,92.58,99.53,3.232,4.801,3.596,65.13000000000001
2022-11-07,91.8,99.87,3.159,4.684,3.449,62.227999999999994
2022-11-08,88.8,96.85,3.131,4.678,3.368,64.36
2022-11-09,85.79,93.05,3.022,4.639,3.179,63.772000000000006
2022-11-10,86.52,94.25,3.04,4.776,3.096,65.46400000000001
2022-11-14,85.85,93.59,2.928,4.541,3.141,59.708
2022-11-15,86.87,94.3,2.93,4.635,3.242,60.059999999999974
2022-11-16,85.62,92.61,2.776,4.024,3.232,48.44399999999999
2022-11-17,81.69,91.0,2.732,3.824,3.137,48.34200000000001
2022-11-18,80.07,88.93,2.692,3.817,3.145,48.744
2022-11-21,79.74,88.44,2.712,3.58,3.125,46.316
2022-11-22,80.83,88.65,2.729,3.57,3.035,45.56200000000001
2022-11-23,77.93,85.9,2.653,3.453,2.873,44.695999999999984
2022-11-25,76.45,83.4,2.553,3.379,2.799,42.34
2022-11-28,77.1,83.5,2.506,3.183,2.72,37.62999999999998
2022-11-29,77.96,83.22,2.53,3.312,2.85,39.24799999999999
2022-11-30,80.48,85.61,2.441,3.385,2.935,35.25799999999998
2022-12-01,81.06,86.28,2.575,3.286,2.851,37.044
2022-12-02,79.86,86.54,2.531,3.2,2.8,35.80800000000001
2022-12-05,76.83,83.36,2.453,3.018,2.628,34.105999999999995
2022-12-06,74.21,79.92,2.389,2.913,2.56,33.464
2022-12-07,71.93,77.11,2.328,2.79,2.438,32.31399999999998
2022-12-08,71.3,76.02,2.159,2.838,2.648,28.884000000000015
2022-12-09,71.05,76.37,2.162,2.778,2.588,28.378
2022-12-12,72.96,78.0,2.186,2.936,2.733,29.352000000000004
2022-12-13,75.44,80.14,2.262,3.077,2.874,30.974000000000004
2022-12-14,77.14,83.33,2.35,3.252,3.05,34.18800000000002
2022-12-15,75.89,82.34,2.277,3.265,3.035,33.57600000000001
2022-12-16,74.19,80.2,2.237,3.113,2.883,32.028000000000006
2022-12-19,75.05,81.66,2.275,3.072,2.802,31.658000000000015
2022-12-20,75.92,79.45,2.315,3.044,2.756,31.51599999999999
2022-12-21,78.17,80.25,2.357,3.163,2.916,32.10800000000002
2022-12-22,77.68,79.58,2.363,3.132,2.935,32.331999999999994
2022-12-23,79.57,82.45,2.464,3.246,3.049,34.866
2022-12-27,79.45,82.45,2.468,3.362,3.29,36.72200000000001
2022-12-28,78.89,81.7,2.448,3.346,3.308,36.49799999999999
2022-12-29,78.43,80.96,2.474,3.328,3.355,37.43399999999998
2022-12-30,80.16,82.82,2.617,3.305,3.333,39.38600000000001
2023-01-03,76.87,80.36,2.483,3.147,3.107,36.71199999999999
2023-01-04,72.82,75.31,2.393,3.053,3.078,36.92599999999999
2023-01-05,73.61,76.73,2.392,3.048,3.091,36.03799999999998
2023-01-06,73.77,76.41,2.382,3.079,3.191,36.032000000000025
2023-01-09,74.69,77.5,2.413,3.075,3.4,35.92399999999999
2023-01-10,75.11,78.4,2.422,3.155,3.315,36.87599999999999
2023-01-11,77.46,81.11,2.547,3.248,3.471,39.32800000000002
2023-01-12,78.32,82.59,2.558,3.278,3.503,39.19600000000001
2023-01-13,79.9,83.43,2.636,3.319,3.817,40.373999999999995
2023-01-17,80.25,84.38,2.667,3.309,3.567,40.751999999999995
2023-01-18,79.53,83.78,2.63,3.301,3.558,40.324
2023-01-19,80.31,85.08,2.701,3.421,3.603,43.212
2023-01-20,81.27,86.96,2.732,3.504,3.916,44.282000000000025
2023-01-23,81.62,87.54,2.779,3.587,3.839,46.41
2023-01-24,79.86,85.25,2.749,3.482,3.735,45.859999999999985
2023-01-25,79.78,85.08,2.684,3.366,3.796,42.49600000000001
2023-01-26,80.64,86.29,2.727,3.399,3.992,43.30200000000001
2023-01-27,79.73,85.36,2.692,3.265,3.788,41.35600000000001
2023-01-30,77.97,84.9,2.605,3.107,3.63,38.46799999999999
2023-01-31,78.95,83.42,2.662,3.19,3.437,40.24599999999998
2023-02-01,76.34,81.61,2.56,3.013,2.965,37.522000000000006
2023-02-02,75.87,80.57,2.554,2.94,2.753,36.80199999999998
2023-02-03,73.4,78.85,2.457,2.812,2.577,34.76399999999998
2023-02-06,74.11,80.48,2.519,2.8,2.69,35.622000000000014
2023-02-07,77.17,82.92,2.601,2.934,2.879,36.733999999999995
2023-02-08,78.47,84.17,2.601,2.909,2.886,35.08400000000002
2023-02-09,78.04,83.46,2.579,2.809,2.802,33.498000000000005
2023-02-10,79.74,85.46,2.631,2.874,2.796,34.164
2023-02-13,80.14,85.98,2.644,2.884,2.807,34.268
2023-02-14,79.08,84.96,2.614,2.915,2.843,34.922
2023-02-15,78.57,84.11,2.623,2.838,2.693,34.60600000000001
2023-02-16,78.45,83.84,2.511,2.771,2.628,30.651999999999987
2023-02-17,76.31,81.97,2.497,2.716,2.541,31.629999999999995
2023-02-21,76.28,82.14,2.495,2.775,2.6,32.42999999999999
2023-02-22,73.95,79.55,2.413,2.685,2.78,31.203999999999994
2023-02-23,75.26,82.08,2.449,2.704,2.766,31.167999999999992
2023-02-24,76.19,82.31,2.423,2.8,2.957,30.854
2023-02-27,75.57,81.24,2.444,2.807,3.069,32.16000000000001
2023-02-28,76.88,83.21,2.5,2.818,2.973,32.572
2023-03-01,77.57,83.68,2.571,2.866,3.016,34.542000000000016
2023-03-02,78.05,84.15,2.593,2.876,2.911,34.81800000000001
2023-03-03,79.62,85.74,2.651,2.92,2.987,35.487999999999985
2023-03-06,80.39,85.86,2.644,2.907,2.929,34.34
2023-03-07,77.45,83.03,2.543,2.809,2.832,33.08000000000001
2023-03-08,76.56,82.1,2.531,2.763,2.8,32.989999999999995
2023-03-09,75.6,81.0,2.446,2.689,2.729,30.53400000000002
2023-03-10,76.55,82.3,2.505,2.791,2.778,32.664
2023-03-13,74.68,79.67,2.462,2.786,2.773,33.260000000000005
2023-03-14,71.18,76.77,2.416,2.769,2.644,35.23399999999998
2023-03-15,67.38,74.3,2.328,2.654,2.529,34.959999999999994
2023-03-16,68.15,73.12,2.359,2.691,2.566,35.57599999999999
2023-03-17,66.61,71.03,2.347,2.688,2.5,36.738
2023-03-20,67.56,72.42,2.384,2.705,2.497,37.062
2023-03-21,69.4,74.78,2.495,2.712,2.502,38.42800000000001
2023-03-22,70.71,76.08,2.525,2.727,2.507,38.168000000000006
2023-03-23,69.77,74.31,2.535,2.674,2.477,38.646
2023-03-24,69.22,73.63,2.523,2.713,2.528,39.40600000000002
2023-03-27,72.87,76.8,2.61,2.773,2.726,39.032
2023-03-28,73.12,78.07,2.623,2.77,2.695,39.104
2023-03-29,72.95,77.51,2.574,2.639,2.577,36.067999999999984
2023-03-30,74.32,78.45,2.573,2.634,2.566,34.60000000000001
2023-03-31,75.68,79.19,2.596,2.614,2.541,33.604
2023-04-03,80.4,85.81,2.729,2.725,2.573,34.162000000000006
2023-04-04,80.7,85.7,2.814,2.701,2.581,35.90599999999999
2023-04-05,80.69,85.89,2.885,2.778,2.588,38.981999999999985
2023-04-06,80.7,86.56,2.87,2.702,2.517,37.488
2023-04-10,79.79,86.56,2.885,2.715,2.53,39.0
2023-04-11,81.54,87.32,2.931,2.694,2.506,38.243999999999986
2023-04-12,83.26,88.31,2.94,2.725,2.533,37.21000000000001
2023-04-13,82.16,86.51,2.878,2.726,2.506,36.58800000000001
2023-04-14,82.58,87.31,2.901,2.663,2.413,35.92999999999999
2023-04-17,80.93,85.63,2.843,2.646,2.363,35.718
2023-04-18,80.85,85.48,2.778,2.598,2.31,33.30600000000001
2023-04-19,79.18,85.34,2.679,2.553,2.288,31.57399999999997
2023-04-20,77.27,83.29,2.623,2.485,2.233,30.964
2023-04-21,77.86,83.36,2.639,2.488,2.246,30.86399999999999
2023-04-24,78.64,84.23,2.668,2.517,2.274,31.302000000000007
2023-04-25,77.05,82.13,2.629,2.446,2.201,30.80600000000001
2023-04-26,74.33,79.19,2.593,2.377,2.142,31.552000000000007
2023-04-27,74.77,80.11,2.615,2.355,2.142,31.420000000000016
2023-04-28,76.78,81.32,2.641,2.372,2.159,30.37599999999999
2023-05-01,75.65,81.32,2.632,2.38,2.169,31.366
2023-05-02,71.71,76.71,2.511,2.297,2.102,30.756000000000014
2023-05-03,68.62,72.91,2.386,2.219,2.044,29.254000000000005
2023-05-04,68.52,73.0,2.399,2.237,2.05,29.970000000000013
2023-05-05,71.32,75.85,2.458,2.325,2.15,30.054000000000016
2023-05-08,73.13,75.85,2.523,2.368,2.213,30.66600000000001
2023-05-09,73.68,77.76,2.552,2.388,2.233,31.207999999999984
2023-05-10,72.53,76.7,2.554,2.399,2.254,32.568
2023-05-11,70.81,75.32,2.527,2.36,2.215,32.98599999999999
2023-05-12,70.02,74.54,2.489,2.303,2.153,31.914000000000016
2023-05-15,71.07,75.46,2.52,2.381,2.218,32.82400000000001
2023-05-16,70.85,75.15,2.516,2.358,2.183,32.61
2023-05-17,72.78,76.98,2.605,2.421,2.251,34.05399999999999
2023-05-18,71.82,75.75,2.61,2.398,2.238,34.83200000000001
2023-05-19,71.57,75.42,2.598,2.366,2.194,34.298
2023-05-22,71.81,75.77,2.676,2.371,2.201,36.312
2023-05-23,72.87,76.66,2.702,2.366,2.169,35.90999999999998
2023-05-24,74.37,77.99,2.74,2.405,2.225,36.019999999999996
2023-05-25,71.68,75.66,2.69,2.344,2.151,36.456
2023-05-26,72.35,76.33,2.715,2.376,2.184,36.934
2023-05-30,69.45,73.38,2.605,2.283,2.11,35.452
2023-05-31,68.11,71.98,2.536,2.259,2.091,34.524
2023-06-01,70.09,74.18,2.663,2.325,2.165,37.02399999999999
2023-06-02,71.76,76.0,2.73,2.376,2.219,37.94399999999999
2023-06-05,72.14,76.61,2.715,2.377,2.225,37.158
2023-06-06,71.71,76.22,2.742,2.371,2.238,38.25999999999999
2023-06-07,72.52,76.85,2.833,2.414,2.309,40.60000000000001
2023-06-08,71.28,75.88,2.793,2.389,2.282,40.37000000000002
2023-06-09,70.16,74.74,2.788,2.372,2.248,41.111999999999995
2023-06-12,67.08,71.8,2.681,2.326,2.171,40.55200000000001
2023-06-13,69.39,74.24,2.731,2.408,2.253,40.78999999999999
2023-06-14,68.22,73.39,2.636,2.375,2.187,38.837999999999994
2023-06-15,70.61,75.75,2.714,2.492,2.295,40.269999999999996
2023-06-16,71.81,76.76,2.742,2.563,2.366,40.848
2023-06-20,70.94,75.79,2.662,2.492,2.264,38.483999999999995
2023-06-21,72.55,76.92,2.586,2.587,2.392,36.07599999999999
2023-06-22,69.22,73.93,2.523,2.491,2.296,36.298000000000016
2023-06-23,68.91,73.56,2.502,2.439,2.209,35.292
2023-06-26,69.09,73.86,2.521,2.479,2.253,36.20399999999999
2023-06-27,67.68,71.88,2.519,2.435,2.209,36.94199999999999
2023-06-28,69.54,73.64,2.568,2.428,2.204,36.355999999999995
2023-06-29,69.85,73.86,2.579,2.445,2.216,36.59200000000001
2023-06-30,70.66,74.51,2.614,2.478,2.246,37.224000000000004
2023-07-03,69.71,74.52,2.451,2.417,2.207,32.756000000000014
2023-07-05,71.78,76.74,2.575,2.511,2.314,35.474000000000004
2023-07-06,71.76,76.72,2.567,2.497,2.314,35.074
2023-07-07,73.91,78.77,2.612,2.565,2.372,35.13600000000001
2023-07-10,73.05,77.83,2.604,2.563,2.371,35.744
2023-07-11,74.87,79.54,2.658,2.589,2.394,35.8
2023-07-12,75.77,80.35,2.709,2.618,2.423,36.73400000000001
2023-07-13,76.86,81.31,2.689,2.621,2.416,35.12599999999999
2023-07-14,75.44,79.9,2.583,2.595,2.393,33.214
2023-07-17,74.17,77.8,2.584,2.563,2.383,34.06399999999999
2023-07-18,75.76,79.54,2.647,2.597,2.412,34.713999999999984
2023-07-19,75.4,79.38,2.678,2.638,2.448,36.51599999999999
2023-07-20,75.65,79.62,2.708,2.669,2.481,37.53999999999999
2023-07-21,77.06,81.06,2.766,2.741,2.553,38.762
2023-07-24,78.81,82.53,2.876,2.775,2.588,40.568
2023-07-25,79.76,83.46,2.823,2.778,2.603,38.17599999999999
2023-07-26,79.11,82.98,2.877,2.841,2.668,41.22
2023-07-27,80.17,84.28,2.848,2.9,2.74,40.17399999999999
2023-07-28,80.55,84.49,2.855,2.95,2.818,40.69000000000001
2023-07-31,81.8,85.22,2.889,2.995,2.86,41.022000000000006
2023-08-01,81.37,85.34,2.9,3.041,2.901,42.403999999999996
2023-08-02,79.5,84.01,2.798,3.026,2.861,41.20800000000001
2023-08-03,81.56,86.19,2.804,3.096,2.936,40.29599999999999
2023-08-04,82.76,87.38,2.799,3.062,2.897,38.47999999999999
2023-08-07,81.94,86.47,2.846,3.039,2.874,40.294
2023-08-08,82.94,88.0,2.879,3.077,2.919,40.750000000000014
2023-08-09,84.35,89.31,2.987,3.213,3.063,44.26800000000003
2023-08-10,82.81,87.44,2.95,3.152,3.007,43.918000000000006
2023-08-11,83.17,87.93,2.995,3.114,2.969,44.286
2023-08-14,82.5,87.4,2.954,3.08,2.935,43.33200000000001
2023-08-15,81.06,86.28,2.904,3.03,2.9,42.67199999999998
2023-08-16,79.4,84.49,2.905,3.017,2.882,44.17799999999998
2023-08-17,80.43,85.24,2.862,3.084,2.967,42.882000000000005
2023-08-18,81.25,85.92,2.879,3.148,3.106,43.43400000000001
2023-08-21,80.71,85.44,2.84,3.139,3.084,42.756000000000014
2023-08-22,80.25,84.7,2.845,3.14,3.055,43.370000000000005
2023-08-23,78.91,83.94,2.83,3.125,3.017,44.08000000000001
2023-08-24,79.52,84.07,2.824,3.15,3.047,43.65199999999999
2023-08-25,80.47,85.42,2.923,3.314,3.188,47.77000000000001
2023-08-28,80.65,85.42,2.841,3.181,3.075,43.43199999999999
2023-08-29,81.14,86.37,2.851,3.212,3.09,43.656000000000006
2023-08-30,81.64,86.62,2.871,3.093,2.957,42.05
2023-08-31,83.55,87.29,2.818,3.15,3.006,39.45400000000001
2023-09-01,85.52,89.98,2.648,3.11,2.982,32.164000000000016
2023-09-05,86.74,91.25,2.868,3.252,3.087,39.092
2023-09-06,87.55,91.79,2.866,3.224,2.994,37.83400000000002
2023-09-07,86.87,91.16,2.885,3.256,3.026,39.493999999999986
2023-09-08,87.51,91.85,2.916,3.322,3.082,40.64599999999997
2023-09-11,87.3,91.97,2.987,3.39,3.145,43.79600000000001
2023-09-12,88.87,93.58,3.013,3.353,3.111,42.43600000000001
2023-09-13,88.59,93.04,3.024,3.453,3.24,44.42399999999998
2023-09-14,90.13,95.2,3.036,3.497,3.269,43.83600000000001
2023-09-15,90.83,95.55,3.003,3.399,3.144,40.83999999999999
2023-09-18,91.47,95.95,2.99,3.303,3.055,38.49200000000002
2023-09-19,91.16,96.11,2.925,3.417,3.137,38.577999999999975
2023-09-20,89.2,94.56,2.872,3.325,3.215,37.766000000000005
2023-09-21,89.56,93.7,2.872,3.374,3.206,38.092
2023-09-22,90.0,93.99,2.833,3.338,3.15,36.056
2023-09-25,89.68,94.01,2.767,3.248,3.073,33.26799999999999
2023-09-26,91.43,94.46,2.836,3.237,3.052,33.29599999999999
2023-09-27,93.67,97.1,2.914,3.308,3.13,34.233999999999995
2023-09-28,91.65,96.64,2.846,3.333,3.145,34.70000000000002
2023-09-29,90.77,95.86,2.769,3.352,3.162,33.69
2023-10-02,88.81,91.21,2.709,3.284,2.999,33.018000000000015
2023-10-03,89.26,94.46,2.655,3.263,2.978,30.761999999999986
2023-10-04,84.32,89.83,2.492,3.084,2.799,28.632000000000005
2023-10-05,82.3,88.28,2.414,2.933,2.656,26.354
2023-10-06,82.83,87.86,2.411,2.961,2.684,26.13199999999999
2023-10-10,85.89,90.7,2.558,3.072,2.862,28.74199999999999
2023-10-11,83.7,87.58,2.524,3.048,2.85,29.64399999999999
2023-10-12,82.87,88.4,2.472,3.1,2.85,29.745999999999995
2023-10-13,87.67,94.33,2.554,3.258,3.065,29.45399999999998
2023-10-16,86.65,90.99,2.578,3.212,3.019,30.501999999999995
2023-10-17,86.66,92.52,2.579,3.221,3.029,30.646
2023-10-18,88.35,91.99,2.58,3.197,2.855,28.64800000000001
2023-10-19,89.35,93.12,2.583,3.245,2.905,28.40400000000001
2023-10-20,89.12,93.72,2.578,3.219,2.952,28.129999999999995
2023-10-23,85.49,91.88,2.534,3.162,2.894,29.72999999999999
2023-10-24,84.58,88.0,2.474,3.067,2.825,27.630000000000024
2023-10-25,86.07,90.14,2.436,3.025,2.837,24.488
2023-10-26,83.8,88.45,2.425,3.05,2.863,26.799999999999983
2023-10-27,86.04,90.73,2.468,3.009,2.859,25.189999999999998
2023-10-30,83.03,90.73,2.525,2.989,2.854,29.51599999999999
2023-10-31,81.64,86.82,2.448,2.994,2.869,28.819999999999993
2023-11-01,81.05,86.92,2.412,2.968,2.875,28.03800000000001
2023-11-02,83.04,89.02,2.068,3.102,3.105,18.291999999999987
2023-11-03,81.19,87.55,2.028,2.995,2.837,17.524
2023-11-06,81.54,87.31,2.415,2.999,2.889,28.06599999999999
2023-11-07,77.96,83.43,2.298,2.883,2.808,26.74600000000001
2023-11-08,75.85,81.46,2.262,2.814,2.724,26.88200000000002
2023-11-09,76.34,81.74,2.254,2.78,2.665,25.691999999999993
2023-11-10,76.34,83.66,2.287,2.814,2.669,27.092
2023-11-13,78.86,84.09,2.342,2.916,2.789,27.539999999999992
2023-11-14,78.9,84.2,2.333,2.904,2.862,27.08
2023-11-15,77.15,82.4,2.272,2.92,2.825,27.34599999999999
2023-11-16,73.5,77.73,2.242,2.819,2.709,28.742000000000004
2023-11-17,76.47,81.22,2.345,2.829,2.611,28.796000000000006
2023-11-20,78.1,83.25,2.384,2.912,2.695,29.42
2023-11-21,78.35,82.42,2.405,2.947,2.702,30.248000000000005
2023-11-22,76.8,81.76,2.395,2.899,2.654,30.846000000000004
2023-11-24,74.83,79.82,2.341,2.883,2.601,31.080000000000013
2023-11-27,74.46,79.49,2.328,2.883,2.618,31.086
2023-11-28,76.09,81.66,2.332,2.907,2.662,29.903999999999982
2023-11-29,77.56,82.98,2.382,2.938,2.646,30.268000000000015
2023-11-30,75.66,81.72,2.295,2.897,2.476,29.158
2023-12-01,73.7,78.72,2.226,2.723,2.401,26.75
2023-12-04,72.73,78.16,2.315,2.783,2.401,31.051999999999992
2023-12-05,71.95,77.27,2.281,2.704,2.357,29.774
2023-12-06,68.98,74.33,2.202,2.615,2.303,29.286
2023-12-07,69.0,74.21,2.181,2.603,2.29,28.510000000000005
2023-12-08,70.87,75.94,2.23,2.624,2.299,28.305999999999997
2023-12-11,70.95,75.75,2.214,2.642,2.322,28.03
2023-12-12,68.27,74.11,2.141,2.502,2.152,26.706000000000003
2023-12-13,69.09,74.14,2.183,2.546,2.196,27.677999999999983
2023-12-14,71.21,77.05,2.27,2.584,2.351,28.52600000000001
2023-12-15,71.05,76.84,2.283,2.609,2.384,29.400000000000006
2023-12-18,72.16,78.89,2.252,2.66,2.453,28.135999999999996
2023-12-19,73.23,79.82,2.281,2.718,2.543,28.689999999999998
2023-12-20,73.87,81.1,2.257,2.679,2.537,26.831999999999994
2023-12-21,73.59,80.73,2.237,2.686,2.541,26.650000000000006
2023-12-22,73.29,80.23,2.196,2.623,2.498,24.920000000000016
2023-12-26,75.84,80.23,2.223,2.628,2.503,23.195999999999998
2023-12-27,74.31,80.97,2.222,2.616,2.451,24.529999999999987
2023-12-28,72.02,79.04,2.166,2.555,2.385,24.39800000000001
2023-12-29,71.89,77.69,2.159,2.531,2.365,23.99600000000001
2024-01-02,70.62,76.24,2.215,2.553,2.333,27.141999999999996
2024-01-03,72.97,77.18,2.228,2.598,2.435,25.786000000000016
2024-01-04,72.38,75.79,2.213,2.589,2.431,25.83
2024-01-05,74.0,78.31,2.207,2.616,2.466,24.42
2024-01-08,71.06,75.47,2.137,2.583,2.473,24.938000000000002
2024-01-09,72.43,77.97,2.176,2.647,2.537,25.555999999999997
2024-01-10,71.57,78.46,2.14,2.603,2.558,24.792000000000016
2024-01-11,72.15,80.21,2.201,2.682,2.637,27.025999999999996
2024-01-12,72.94,79.89,2.192,2.673,2.596,25.858000000000004
2024-01-16,72.63,80.15,2.188,2.644,2.579,25.65000000000002
2024-01-17,72.79,78.88,2.202,2.645,2.585,25.895999999999987
2024-01-18,74.32,81.04,2.245,2.691,2.584,26.214
2024-01-19,73.69,80.71,2.241,2.663,2.568,26.33999999999999
2024-01-22,75.26,81.7,2.301,2.689,2.594,26.814000000000007
2024-01-23,74.72,82.04,2.274,2.686,2.624,26.555999999999997
2024-01-24,75.48,82.15,2.307,2.679,2.602,26.621999999999986
2024-01-25,77.91,82.33,2.345,2.791,2.701,26.823999999999998
2024-01-26,78.45,83.34,2.379,2.847,2.749,28.02000000000001
2024-01-29,77.25,83.99,2.324,2.833,2.786,27.483999999999995
2024-01-30,78.3,84.14,2.345,2.796,2.753,26.50400000000002
2024-01-31,76.28,82.98,2.256,2.786,2.7,25.89199999999998
2024-02-01,74.36,82.2,2.227,2.74,2.65,26.35600000000001
2024-02-02,72.72,79.54,2.169,2.676,2.586,25.476000000000013
2024-02-05,73.21,79.3,2.238,2.734,2.639,27.730000000000004
2024-02-06,73.83,80.46,2.252,2.753,2.663,27.768
2024-02-07,74.26,81.18,2.312,2.817,2.754,29.913999999999987
2024-02-08,76.67,83.01,2.359,2.891,2.816,29.855999999999995
2024-02-09,77.26,83.58,2.354,2.941,2.869,29.826000000000008
2024-02-12,77.34,83.88,2.386,2.923,2.86,30.39
2024-02-13,78.28,84.72,2.404,2.884,2.789,29.407999999999987
2024-02-14,77.09,84.41,2.334,2.796,2.701,27.40599999999999
2024-02-15,78.47,84.33,2.326,2.807,2.712,25.956000000000003
2024-02-16,79.65,84.88,2.348,2.807,2.707,25.39199999999998
2024-02-20,78.72,84.78,2.312,2.724,2.631,24.152
2024-02-21,78.89,84.77,2.367,2.699,2.664,25.171999999999997
2024-02-22,79.64,85.84,2.36,2.741,2.696,24.813999999999993
2024-02-23,77.6,84.18,2.315,2.685,2.576,24.810000000000016
2024-02-26,78.53,84.01,2.341,2.758,2.642,25.63000000000001
2024-02-27,79.8,83.8,2.377,2.732,2.623,25.00399999999999
2024-02-28,79.44,84.08,2.346,2.645,2.533,23.278000000000006
2024-02-29,79.22,84.57,2.39,2.669,2.552,25.066000000000003
2024-03-01,80.9,84.82,2.42,2.726,2.609,25.023999999999987
2024-03-04,79.67,86.58,2.396,2.672,2.552,24.825999999999993
2024-03-05,79.11,85.82,2.379,2.623,2.511,24.224000000000004
2024-03-06,80.08,86.59,2.353,2.68,2.585,23.323999999999998
2024-03-07,79.81,84.88,2.36,2.712,2.617,24.238
2024-03-08,78.96,84.29,2.33,2.654,2.556,23.436000000000007
2024-03-11,78.87,83.44,2.412,2.665,2.588,25.976
2024-03-12,78.51,83.66,2.42,2.632,2.572,26.098
2024-03-13,80.67,83.95,2.488,2.699,2.644,26.779999999999987
2024-03-14,82.16,86.16,2.527,2.708,2.628,26.50800000000001
2024-03-15,81.94,85.39,2.545,2.722,2.655,27.427999999999997
2024-03-18,83.68,86.47,2.55,2.776,2.718,26.58399999999999
2024-03-19,84.39,87.36,2.566,2.753,2.671,25.999999999999986
2024-03-20,82.79,85.77,2.586,2.683,2.606,27.17999999999998
2024-03-21,81.99,84.92,2.572,2.653,2.608,27.168000000000006
2024-03-22,81.1,84.87,2.585,2.647,2.582,28.337999999999994
2024-03-25,82.41,86.18,2.555,2.675,2.583,26.580000000000013
2024-03-26,82.41,85.91,2.49,2.608,2.53,23.822000000000017
2024-03-27,82.15,84.94,2.491,2.587,2.524,23.816000000000003
2024-03-28,83.96,86.17,2.583,2.607,2.526,24.86200000000001
2024-04-01,84.54,86.17,2.693,2.625,2.583,27.61399999999999
2024-04-02,85.95,87.63,2.743,2.71,2.693,28.793999999999983
2024-04-03,86.22,90.6,2.751,2.727,2.725,28.986000000000004
2024-04-04,87.37,90.32,2.787,2.746,2.744,29.11
2024-04-05,87.69,92.81,2.763,2.689,2.724,27.319999999999993
2024-04-08,87.24,91.73,2.736,2.725,2.717,27.518
2024-04-09,86.04,92.13,2.748,2.675,2.668,28.354
2024-04-10,86.98,91.57,2.754,2.706,2.681,28.01599999999999
2024-04-11,85.79,91.49,2.756,2.66,2.635,28.617999999999995
2024-04-12,86.46,93.12,2.769,2.672,2.672,28.480000000000004
2024-04-15,86.21,90.84,2.776,2.657,2.69,28.715999999999994
2024-04-16,86.15,91.29,2.789,2.644,2.684,28.958
2024-04-17,83.58,89.54,2.707,2.569,2.609,28.181999999999988
2024-04-18,83.5,88.34,2.676,2.515,2.49,26.63800000000002
2024-04-19,83.79,87.96,2.684,2.534,2.496,26.837999999999994
2024-04-22,83.82,87.3,2.723,2.555,2.525,28.194000000000017
2024-04-23,84.17,88.29,2.759,2.564,2.519,28.97800000000001
2024-04-24,84.09,89.02,2.763,2.54,2.495,28.83399999999999
2024-04-25,84.92,88.1,2.797,2.543,2.498,28.998000000000005
2024-04-26,85.38,89.95,2.789,2.54,2.494,28.272000000000006
2024-04-29,84.26,88.44,2.781,2.535,2.498,29.098
2024-04-30,83.49,88.23,2.733,2.512,2.47,28.202000000000012
2024-05-01,80.7,83.55,2.608,2.457,2.402,26.72199999999998
2024-05-02,80.59,84.81,2.641,2.44,2.395,27.518
2024-05-03,79.65,83.6,2.599,2.431,2.386,27.15599999999999
2024-05-06,80.1,83.6,2.575,2.45,2.427,26.300000000000026
2024-05-07,79.97,82.69,2.54,2.452,2.43,25.477999999999994
2024-05-08,80.57,82.44,2.533,2.47,2.435,24.93400000000001
2024-05-09,80.86,83.27,2.581,2.468,2.426,25.960000000000008
2024-05-10,79.81,83.39,2.521,2.421,2.361,24.671999999999983
2024-05-13,80.71,83.18,2.533,2.426,2.368,24.177999999999997
2024-05-14,79.62,81.0,2.481,2.41,2.342,23.588000000000008
2024-05-15,80.23,79.98,2.52,2.413,2.345,24.111999999999995
2024-05-16,80.85,81.65,2.554,2.435,2.378,24.751999999999995
2024-05-17,81.66,82.24,2.588,2.473,2.453,25.426000000000002
2024-05-20,81.39,81.91,2.551,2.466,2.446,24.561999999999998
2024-05-21,80.66,81.22,2.527,2.451,2.424,24.41000000000001
2024-05-22,79.15,79.9,2.482,2.413,2.338,24.128
2024-05-23,77.47,79.25,2.505,2.408,2.333,26.38199999999999
2024-05-24,78.48,78.92,2.503,2.401,2.336,25.21799999999999
2024-05-28,80.9,81.34,2.526,2.463,2.401,24.309999999999988
2024-05-29,80.24,81.5,2.47,2.415,2.353,22.730000000000018
2024-05-30,78.96,81.42,2.409,2.352,2.294,21.42
2024-05-31,77.97,79.41,2.435,2.348,2.291,23.082000000000008
2024-06-03,75.26,76.45,2.343,2.278,2.21,22.23599999999999
2024-06-04,74.27,75.33,2.347,2.259,2.224,23.072000000000003
2024-06-05,75.08,75.41,2.36,2.277,2.242,22.877999999999986
2024-06-06,76.52,77.62,2.4,2.333,2.298,23.342000000000013
2024-06-07,76.53,78.12,2.376,2.34,2.293,22.75800000000001
2024-06-10,78.75,79.59,2.413,2.405,2.358,22.483999999999995
2024-06-11,78.88,80.15,2.411,2.399,2.371,22.214
2024-06-12,79.56,80.52,2.393,2.417,2.375,21.281999999999982
2024-06-13,79.61,81.44,2.412,2.462,2.429,22.394000000000005
2024-06-14,79.41,81.49,2.402,2.449,2.423,22.13199999999999
2024-06-17,81.33,82.45,2.446,2.466,2.434,21.682000000000016
2024-06-18,82.67,84.79,2.48,2.507,2.474,21.86800000000001
2024-06-20,83.34,85.92,2.5,2.499,2.489,21.645999999999987
2024-06-21,81.71,86.42,2.511,2.466,2.459,23.122
2024-06-24,82.63,86.75,2.512,2.499,2.491,22.692000000000007
2024-06-25,81.97,86.81,2.514,2.484,2.477,23.198000000000008
2024-06-26,82.19,85.76,2.536,2.513,2.475,24.0
2024-06-27,83.04,87.0,2.544,2.541,2.49,23.76599999999999
2024-06-28,82.83,87.26,2.527,2.506,2.467,23.00999999999999
2024-07-01,84.7,86.57,2.573,2.594,2.542,23.659999999999997
2024-07-02,84.09,88.28,2.577,2.613,2.561,24.647999999999996
2024-07-03,85.19,88.25,2.592,2.605,2.625,23.85600000000001
2024-07-05,84.44,88.66,2.579,2.6,2.55,24.17200000000001
2024-07-08,83.63,87.15,2.542,2.558,2.508,23.358000000000004
2024-07-09,82.78,86.48,2.527,2.507,2.467,23.073999999999998
2024-07-10,83.39,86.55,2.51,2.506,2.469,21.97399999999999
2024-07-11,83.92,86.49,2.525,2.507,2.47,21.878
2024-07-12,83.49,87.35,2.503,2.492,2.442,21.482
2024-07-15,83.22,86.42,2.483,2.493,2.443,21.206000000000003
2024-07-16,81.92,86.6,2.464,2.452,2.402,21.39999999999999
2024-07-17,84.16,85.76,2.492,2.469,2.424,20.182000000000002
2024-07-18,84.17,86.26,2.498,2.458,2.411,20.186000000000007
2024-07-19,81.43,85.19,2.446,2.401,2.362,20.67200000000001
2024-07-22,81.25,83.44,2.457,2.416,2.371,21.36999999999999
2024-07-23,78.24,82.2,2.415,2.396,2.364,22.924000000000007
2024-07-24,78.78,83.01,2.433,2.424,2.361,23.279999999999987
2024-07-25,79.43,82.58,2.457,2.446,2.384,23.61
2024-07-26,78.58,81.35,2.446,2.401,2.308,23.52200000000002
2024-07-29,77.27,80.94,2.405,2.361,2.268,23.12400000000001
2024-07-30,76.17,79.26,2.387,2.321,2.211,23.159999999999997
2024-07-31,79.36,81.39,2.477,2.39,2.28,23.45599999999999
2024-08-01,77.74,81.37,2.399,2.395,2.29,22.962000000000003
2024-08-02,74.99,78.35,2.328,2.29,2.19,22.25399999999999
2024-08-05,74.46,77.51,2.38,2.276,2.168,24.043999999999983
2024-08-06,74.6,76.62,2.346,2.251,2.161,22.602000000000004
2024-08-07,76.68,78.26,2.387,2.313,2.224,22.537999999999997
2024-08-08,77.64,80.76,2.421,2.317,2.224,22.586
2024-08-09,78.28,81.07,2.419,2.3,2.193,21.652
2024-08-12,81.45,83.06,2.462,2.361,2.253,20.540000000000006
2024-08-13,79.81,82.51,2.4,2.343,2.228,20.191999999999993
2024-08-14,78.47,82.15,2.352,2.32,2.205,19.866
2024-08-15,79.66,83.09,2.38,2.326,2.234,19.543999999999997
2024-08-16,78.05,81.56,2.339,2.283,2.203,19.403999999999996
2024-08-19,75.82,81.09,2.292,2.218,2.13,19.408
2024-08-20,75.27,78.85,2.28,2.219,2.13,19.635999999999996
2024-08-21,72.76,78.77,2.215,2.206,2.113,20.14399999999999
2024-08-22,73.72,78.8,2.253,2.237,2.14,20.682000000000002
2024-08-23,75.82,80.34,2.301,2.278,2.136,20.500000000000014
2024-08-26,78.4,80.34,2.298,2.314,2.171,18.340000000000003
2024-08-27,76.5,81.51,2.256,2.26,2.117,18.307999999999993
2024-08-28,75.49,80.04,2.232,2.193,2.082,17.708000000000027
2024-08-29,76.9,81.55,2.268,2.254,2.151,18.159999999999982
2024-08-30,74.52,80.2,2.22,2.21,2.127,18.580000000000013
2024-09-03,71.28,76.46,1.979,2.168,2.048,14.484000000000009
2024-09-04,70.11,74.67,2.062,2.112,2.004,17.194000000000017
2024-09-05,70.09,74.47,2.039,2.128,2.025,16.79400000000001
2024-09-06,68.58,72.82,2.009,2.082,1.977,16.819999999999993
2024-09-09,69.65,72.37,2.036,2.116,1.999,16.982
2024-09-10,66.73,70.34,1.994,2.038,1.928,17.633999999999986
2024-09-11,68.25,70.31,2.009,2.064,1.954,16.89800000000001
2024-09-12,69.89,73.81,2.048,2.094,1.971,16.77000000000001
2024-09-13,69.59,73.68,2.051,2.064,1.921,16.73400000000001
2024-09-16,71.1,73.96,2.085,2.071,1.929,16.274000000000015
2024-09-17,72.16,74.55,2.105,2.118,1.973,16.431999999999988
2024-09-18,71.87,74.52,2.078,2.109,1.96,15.83999999999999
2024-09-19,72.86,75.93,2.139,2.147,2.007,17.08999999999999
2024-09-20,72.72,75.96,2.124,2.147,2.007,16.809999999999988
2024-09-23,71.33,74.95,2.076,2.129,1.999,16.604000000000013
2024-09-24,72.34,75.29,2.105,2.159,2.018,16.825999999999993
2024-09-25,70.42,75.4,2.083,2.134,2.002,17.78
2024-09-26,68.28,73.06,2.028,2.104,1.967,17.960000000000008
2024-09-27,68.72,71.63,2.033,2.114,1.977,17.799999999999997
2024-09-30,68.75,72.35,2.05,2.103,1.968,18.092
2024-10-01,70.41,75.3,2.081,2.16,2.025,18.098
2024-10-02,70.74,74.86,2.105,2.163,2.033,18.482
2024-10-03,74.33,77.57,2.202,2.267,2.204,19.064000000000007
2024-10-04,74.93,79.32,2.196,2.285,2.14,18.548000000000002
2024-10-07,77.76,81.74,2.257,2.362,2.219,18.504000000000005
2024-10-08,74.26,78.19,2.181,2.288,2.132,18.840000000000003
2024-10-09,73.85,77.06,2.173,2.258,2.102,18.60600000000001
2024-10-10,76.46,79.45,2.248,2.32,2.155,18.964000000000027
2024-10-11,76.11,80.27,2.257,2.326,2.175,19.650000000000006
2024-10-15,71.22,73.68,2.148,2.173,2.021,19.346000000000018
2024-10-16,70.97,73.65,2.148,2.152,2.007,19.302000000000007
2024-10-17,71.26,74.37,2.15,2.179,2.027,19.445999999999998
2024-10-18,69.78,72.75,2.108,2.14,1.995,19.203999999999994
2024-10-21,71.16,73.29,2.118,2.166,2.017,18.46799999999999
2024-10-22,72.84,75.59,2.172,2.218,2.069,19.028000000000006
2024-10-23,71.37,74.68,2.15,2.212,2.052,19.798000000000002
2024-10-24,70.58,74.27,2.141,2.202,2.029,20.195999999999998
2024-10-25,72.02,75.62,2.185,2.222,2.051,20.268
2024-10-28,67.65,71.87,2.082,2.135,1.958,20.535999999999987
2024-10-29,67.48,71.09,2.043,2.135,1.977,19.614000000000004
2024-10-30,68.91,73.21,2.095,2.194,2.024,20.466000000000022
2024-10-31,69.58,73.25,2.093,2.213,2.076,20.006000000000014
2024-11-01,69.81,73.63,2.067,2.232,2.042,19.314000000000007
2024-11-04,71.83,74.89,2.124,2.289,2.114,19.687999999999988
2024-11-05,72.26,76.98,2.162,2.293,2.133,20.377999999999986
2024-11-06,71.98,76.52,2.154,2.257,2.099,19.930000000000007
2024-11-07,72.69,75.73,2.163,2.267,2.095,19.61199999999998
2024-11-08,70.69,74.04,2.131,2.228,2.056,20.17
2024-11-12,68.43,72.56,2.076,2.194,2.019,20.414
2024-11-13,68.76,72.86,2.07,2.201,2.037,20.013999999999996
2024-11-14,68.99,73.39,2.093,2.197,2.035,20.372000000000014
2024-11-15,67.33,73.45,2.054,2.158,1.997,20.39399999999999
2024-11-18,69.46,74.35,2.12,2.242,2.079,21.28800000000001
2024-11-19,69.75,74.32,2.142,2.223,2.066,21.348
2024-11-20,69.25,74.33,2.151,2.217,2.06,22.016000000000005
2024-11-21,70.39,75.09,2.154,2.248,2.095,21.39399999999999
2024-11-22,71.68,76.1,2.16,2.256,2.09,20.384
2024-11-25,69.41,74.27,2.106,2.225,2.058,20.708
2024-11-26,69.05,74.56,2.093,2.219,2.064,20.620000000000005
2024-11-27,69.03,73.91,2.077,2.18,2.055,19.646
2024-11-29,68.26,74.16,2.035,2.165,2.04,19.03
2024-12-02,68.35,72.81,2.068,2.151,2.042,19.667999999999992
2024-12-03,70.15,74.8,2.111,2.184,2.075,19.534000000000006
2024-12-04,68.81,74.68,2.08,2.154,2.021,19.586
2024-12-05,68.58,73.78,2.079,2.143,2.011,19.634
2024-12-06,68.58,73.78,1.988,2.109,1.984,16.61
2024-12-09,68.65,73.73,2.03,2.16,2.035,18.429999999999993
2024-12-10,68.85,73.64,2.023,2.161,2.045,18.048000000000016
2024-12-11,70.57,74.38,2.061,2.207,2.107,18.036
2024-12-12,70.25,73.52,2.064,2.217,2.132,18.58
2024-12-13,71.54,74.89,2.07,2.248,2.158,17.891999999999996
2024-12-16,71.03,74.3,2.047,2.239,2.13,17.63199999999999
2024-12-17,70.31,73.16,2.019,2.209,2.103,17.14800000000001
2024-12-18,70.8,74.57,2.003,2.222,2.121,16.39200000000001
2024-12-19,70.1,73.75,1.986,2.206,2.119,16.39200000000001
2024-12-20,69.71,73.19,2.014,2.216,2.121,17.706000000000003
2024-12-23,69.5,72.12,2.021,2.215,2.107,18.098
2024-12-24,70.87,73.5,2.038,2.204,2.095,17.049999999999997
2024-12-26,70.38,73.5,2.016,2.184,2.089,16.644000000000005
2024-12-27,71.28,73.77,2.02,2.217,2.122,16.317999999999998
2024-12-30,71.73,74.24,2.048,2.284,2.189,17.590000000000003
2024-12-31,72.44,74.58,2.07,2.314,2.228,17.915999999999997
2025-01-02,73.79,76.14,2.122,2.352,2.266,18.553999999999988
2025-01-03,74.64,76.72,2.125,2.352,2.272,17.787999999999997
2025-01-06,74.31,77.27,2.101,2.358,2.283,17.529999999999987
2025-01-07,74.99,77.84,2.097,2.363,2.293,16.808000000000007
2025-01-08,73.99,77.37,2.082,2.356,2.286,17.289999999999992
2025-01-10,77.27,79.76,2.154,2.501,2.406,18.055999999999983
2025-01-13,79.57,82.69,2.182,2.527,2.385,16.903999999999996
2025-01-14,78.2,82.39,2.204,2.535,2.365,19.001999999999995
2025-01-15,80.73,83.48,2.262,2.624,2.463,19.342
2025-01-16,79.35,82.39,2.207,2.615,2.43,19.055999999999997
2025-01-17,78.56,83.02,2.205,2.629,2.419,19.986000000000004
2025-01-21,76.79,80.57,2.182,2.568,2.411,20.257999999999996
2025-01-22,76.12,80.0,2.151,2.496,2.369,19.05199999999998
2025-01-23,75.03,78.62,2.15,2.49,2.362,20.03
2025-01-24,74.97,78.71,2.145,2.529,2.384,20.49600000000001
2025-01-27,73.51,77.3,2.122,2.484,2.324,20.682000000000002
2025-01-28,74.15,78.01,2.148,2.47,2.31,20.573999999999998
2025-01-29,72.94,77.02,2.135,2.478,2.317,21.531999999999996
2025-01-30,73.1,77.42,2.142,2.508,2.285,21.988000000000014
2025-01-31,72.84,77.11,2.122,2.454,2.302,20.932000000000002
2025-02-03,73.52,76.49,2.194,2.456,2.358,22.295999999999992
2025-02-04,73.04,76.58,2.174,2.501,2.301,22.846000000000004
2025-02-05,71.39,74.71,2.126,2.441,2.271,22.311999999999998
2025-02-06,70.97,74.54,2.148,2.459,2.294,23.60000000000001
2025-02-07,71.32,74.68,2.181,2.496,2.301,24.692000000000007
2025-02-10,72.73,76.23,2.181,2.505,2.293,23.407999999999987
2025-02-11,73.67,77.65,2.219,2.568,2.357,24.414
2025-02-12,71.72,75.38,2.157,2.497,2.277,23.634
2025-02-13,71.66,75.61,2.186,2.7,2.27,27.348
2025-02-14,71.05,75.19,2.161,2.491,2.276,24.332000000000008
2025-02-18,72.21,76.46,2.166,2.477,2.262,23.115999999999985
2025-02-19,72.58,76.34,2.164,2.482,2.33,22.76000000000002
2025-02-20,72.88,76.95,2.158,2.511,2.358,22.697999999999993
2025-02-21,70.72,74.88,2.102,2.442,2.266,22.323999999999998
2025-02-24,71.06,74.89,2.1,2.457,2.209,22.13799999999999
2025-02-25,69.15,73.11,1.927,2.388,2.163,18.237999999999985
2025-02-26,68.87,73.49,1.904,2.344,2.119,17.25799999999998
2025-02-27,70.62,75.01,1.949,2.385,2.166,17.341999999999985
2025-02-28,69.97,74.76,1.925,2.352,2.145,16.85800000000002
2025-03-03,68.63,72.85,1.995,2.231,2.088,18.464000000000013
2025-03-04,68.47,72.31,1.971,2.302,2.076,18.946000000000012
2025-03-05,66.58,70.92,1.929,2.284,2.089,19.408
2025-03-06,66.62,71.08,1.891,2.259,2.063,17.953999999999994
2025-03-07,67.29,72.49,1.937,2.239,2.071,18.291999999999987
2025-03-10,66.31,71.08,1.919,2.191,2.006,18.09599999999999
2025-03-11,66.52,71.51,1.941,2.22,2.039,18.908
2025-03-12,67.65,72.36,1.96,2.215,2.04,18.23999999999998
2025-03-13,66.82,70.82,1.938,2.164,1.999,17.74000000000001
2025-03-14,67.43,71.94,1.964,2.172,1.997,17.969999999999985
2025-03-17,67.84,71.93,1.995,2.21,2.035,18.959999999999994
2025-03-18,67.49,71.93,1.981,2.205,2.03,18.848000000000013
2025-03-19,67.4,71.94,1.984,2.241,2.066,19.525999999999996
2025-03-20,68.55,72.61,2.008,2.259,2.084,19.30000000000001
2025-03-21,68.52,72.64,2.008,2.257,2.082,19.302000000000007
2025-03-24,69.46,73.96,2.023,2.266,2.091,18.908000000000015
2025-03-25,69.48,73.78,2.027,2.296,2.121,19.419999999999987
2025-03-26,70.05,74.6,2.05,2.299,2.124,19.536
2025-03-27,70.3,74.72,2.057,2.286,2.111,19.299999999999983
2025-03-28,69.74,74.69,2.043,2.268,2.093,19.216000000000008
2025-03-31,71.87,77.23,2.101,2.31,2.135,19.298000000000002
2025-04-01,71.61,77.78,2.119,2.298,2.123,19.894000000000005
2025-04-02,72.12,77.27,2.135,2.31,2.135,19.999999999999986
2025-04-03,67.43,72.54,1.97,2.186,2.011,18.33399999999999
2025-04-04,62.42,68.36,1.886,2.102,1.927,19.81599999999999
2025-04-07,61.05,66.13,1.843,2.082,1.907,19.701999999999998
2025-04-08,60.04,64.86,1.782,2.028,1.853,18.247999999999998
2025-04-09,62.63,67.3,1.855,2.122,1.947,19.017999999999994
2025-04-10,60.57,65.37,1.782,2.059,1.884,18.151999999999994
2025-04-11,61.91,66.83,1.821,2.074,1.899,18.114000000000004
2025-04-14,61.99,67.18,1.838,2.097,1.922,18.832
2025-04-15,61.74,66.58,1.849,2.092,1.917,19.32
2025-04-16,62.88,67.94,1.863,2.127,1.952,19.06199999999999
2025-04-17,65.07,69.33,1.908,2.153,1.978,18.495999999999995
2025-04-21,63.48,69.33,1.888,2.122,1.947,19.09199999999999
2025-04-22,64.6,68.93,1.953,2.148,2.036,20.156000000000006
2025-04-23,62.64,68.26,1.94,2.127,2.009,21.458
2025-04-24,63.55,67.5,1.942,2.144,2.026,20.842
2025-04-25,63.85,66.99,1.96,2.178,2.06,21.522
2025-04-28,63.3,66.13,1.946,2.175,2.057,21.638000000000005
2025-04-29,61.84,64.04,1.901,2.108,1.991,20.89999999999999
2025-04-30,59.55,63.37,1.873,2.027,1.909,21.272000000000006
2025-05-01,60.59,62.37,1.874,2.004,1.886,19.938000000000002
2025-05-02,59.67,61.57,1.85,2.005,1.887,20.200000000000003
2025-05-05,58.5,61.57,1.868,1.983,1.866,21.566000000000003
2025-05-06,60.42,62.37,1.944,2.007,1.864,22.11
2025-05-07,59.42,60.31,1.895,1.972,1.819,21.248000000000005
2025-05-08,61.25,62.22,1.971,2.054,1.901,22.694000000000003
2025-05-09,62.37,64.26,1.985,2.07,1.925,22.190000000000005
2025-05-12,63.32,65.28,1.998,2.112,1.968,22.192
2025-05-13,65.04,66.93,2.019,2.173,2.027,21.914
2025-05-14,64.48,65.91,1.988,2.198,2.051,21.95599999999999
2025-05-15,63.03,64.36,1.966,2.17,1.99,22.397999999999996
2025-05-16,63.84,65.2,1.99,2.138,1.976,21.811999999999998
2025-05-19,63.98,66.25,2.009,2.13,1.968,22.092000000000006
2025-05-20,63.97,66.93,2.028,2.136,1.974,22.718000000000004
2025-05-21,62.93,65.86,2.063,2.133,1.975,24.69599999999999
2025-05-22,62.55,64.87,2.041,2.107,1.946,24.096000000000004
2025-05-23,62.89,65.41,1.992,2.108,1.948,22.397999999999996
2025-05-27,61.61,64.32,1.965,2.082,1.9,22.557999999999993
2025-05-28,62.54,65.72,1.96,2.078,1.906,21.431999999999995
2025-05-29,61.66,64.6,1.938,2.044,1.871,21.22
2025-05-30,61.46,64.32,1.912,2.015,1.846,20.285999999999994
2025-06-02,63.27,66.55,1.937,2.061,1.901,19.819999999999986
2025-06-03,64.1,67.48,1.957,2.099,1.944,20.082000000000008
2025-06-04,63.57,66.69,1.913,2.068,1.913,18.946000000000005
2025-06-05,64.06,67.14,1.911,2.093,1.928,18.75
2025-06-06,65.3,68.02,1.93,2.129,1.957,18.546000000000006
2025-06-09,65.99,68.73,1.947,2.149,1.976,18.611999999999995
2025-06-10,65.66,68.41,1.955,2.14,1.965,19.040000000000006
2025-06-11,68.91,71.29,2.021,2.201,2.018,18.492000000000004
2025-06-12,68.73,70.84,2.178,2.223,2.02,23.37599999999999
2025-06-13,73.84,76.0,2.252,2.402,2.202,22.84399999999998
2025-06-16,72.53,75.05,2.227,2.398,2.197,23.397999999999996
2025-06-17,75.62,78.7,2.314,2.514,2.304,24.367999999999995
2025-06-18,75.89,78.38,2.338,2.558,2.35,25.385999999999996
2025-06-20,75.72,78.73,2.353,2.556,2.349,25.948000000000008
2025-06-23,69.36,74.34,2.202,2.34,2.132,25.055999999999997
2025-06-24,65.45,69.13,2.115,2.317,2.11,26.208000000000013
2025-06-25,65.98,68.4,2.103,2.318,2.128,25.35600000000001
2025-06-26,66.44,68.57,2.118,2.389,2.199,26.310000000000002
2025-06-27,66.66,69.37,2.098,2.297,2.107,24.242000000000004
2025-06-30,66.3,68.15,2.102,2.367,2.177,25.69399999999999
2025-07-01,66.64,67.63,2.122,2.342,2.152,25.563999999999993
2025-07-02,68.66,70.8,2.139,2.428,2.238,25.224000000000004
2025-07-03,68.13,70.42,2.137,2.382,2.192,25.054000000000016
2025-07-07,69.16,71.95,2.174,2.43,2.24,25.732
2025-07-08,69.55,72.5,2.206,2.456,2.266,26.602000000000004
2025-07-09,69.61,71.98,2.209,2.423,2.233,26.164
2025-07-10,67.78,70.38,2.173,2.405,2.215,26.73400000000001
2025-07-11,69.63,72.06,2.208,2.474,2.284,26.83
2025-07-14,68.19,70.96,2.182,2.396,2.206,26.44999999999999
2025-07-15,67.76,70.27,2.19,2.415,2.225,27.36999999999999
2025-07-16,67.13,69.67,2.171,2.407,2.217,27.355999999999995
2025-07-17,68.76,71.32,2.18,2.519,2.291,27.545999999999992
2025-07-18,68.53,71.06,2.157,2.504,2.276,26.921999999999997
2025-07-21,68.39,71.92,2.131,2.544,2.317,26.89399999999999
2025-07-22,67.56,69.69,2.116,2.503,2.308,26.730000000000004
2025-07-23,66.05,69.17,2.126,2.5,2.305,28.47800000000001
2025-07-24,67.16,70.42,2.112,2.459,2.264,26.402000000000015
2025-07-25,66.38,69.23,2.097,2.448,2.253,26.608000000000004
2025-07-28,67.81,70.87,2.157,2.484,2.265,27.36199999999998
2025-07-29,70.27,73.21,2.231,2.522,2.311,27.506
2025-07-30,71.09,73.98,2.296,2.477,2.167,27.87599999999999
2025-07-31,70.36,73.43,2.236,2.45,2.148,26.548000000000016
2025-08-01,68.39,70.55,2.118,2.339,2.039,23.659999999999997
2025-08-04,67.33,69.56,2.107,2.357,2.057,24.664000000000016
2025-08-05,66.2,69.14,2.097,2.3,2.0,24.715999999999994
2025-08-06,65.38,67.97,2.09,2.304,2.004,25.396
2025-08-07,64.9,66.99,2.079,2.311,2.011,25.66600000000001
2025-08-08,64.94,67.17,2.082,2.321,2.021,25.85000000000001
2025-08-11,65.03,67.36,2.086,2.34,2.04,26.138000000000005
2025-08-12,64.22,66.8,2.079,2.29,1.99,26.052000000000007
2025-08-13,63.68,66.25,2.082,2.292,1.992,26.704
2025-08-14,64.99,68.12,2.117,2.291,1.991,26.360000000000014
2025-08-15,63.78,67.3,2.088,2.28,1.98,26.604
2025-08-18,64.51,68.18,2.106,2.297,1.997,26.615999999999985
2025-08-19,63.38,66.62,2.1,2.307,2.007,27.717999999999996
2025-08-20,64.19,67.61,2.137,2.329,2.024,28.25200000000001
2025-08-21,64.56,68.41,2.169,2.375,2.07,29.42200000000001
2025-08-22,64.08,68.29,2.168,2.361,2.057,29.677999999999997
2025-08-25,65.18,68.29,2.158,2.4,2.096,28.843999999999994
2025-08-26,63.6,66.89,2.143,2.33,2.027,29.02399999999998
2025-08-27,64.49,67.75,2.15,2.333,2.032,28.372000000000014
2025-08-28,64.96,68.61,2.236,2.347,2.05,30.506000000000014
2025-08-29,64.36,67.83,2.255,2.322,2.02,31.287999999999982
2025-09-02,65.95,68.09,2.048,2.42,2.12,25.274
2025-09-03,64.36,67.76,2.014,2.407,2.107,25.72999999999999
2025-09-04,63.81,66.41,2.011,2.375,2.075,25.74799999999999
2025-09-05,62.22,64.92,1.977,2.341,2.041,25.909999999999997
2025-09-08,62.6,65.44,1.97,2.37,2.07,25.739999999999988
2025-09-09,62.97,67.97,1.999,2.371,2.071,26.195999999999998
2025-09-10,64.01,67.62,2.016,2.385,2.085,25.828000000000003
2025-09-11,62.71,67.25,1.978,2.327,2.027,25.25199999999999
2025-09-12,63.02,67.87,1.996,2.343,2.043,25.669999999999995
2025-09-15,63.66,67.88,2.021,2.383,2.083,26.289999999999992
2025-09-16,64.89,69.69,2.05,2.446,2.146,26.754000000000005
2025-09-17,64.41,69.19,2.033,2.401,2.101,26.128
2025-09-18,63.91,67.83,2.024,2.393,2.093,26.263999999999996
2025-09-19,63.02,67.05,1.977,2.352,2.052,25.26399999999999
2025-09-22,62.99,66.87,1.988,2.347,2.047,25.53199999999999
2025-09-23,63.76,67.96,2.012,2.388,2.088,26.00799999999999
2025-09-24,65.4,69.64,2.022,2.424,2.124,25.151999999999973
2025-09-25,65.51,70.48,2.013,2.478,2.178,25.545999999999992
2025-09-26,66.5,71.15,2.038,2.475,2.162,25.214
2025-09-29,64.27,69.0,1.993,2.392,2.084,25.02199999999999
2025-09-30,63.17,68.52,1.985,2.379,2.076,25.716000000000008
2025-10-01,62.59,66.67,1.897,2.351,2.051,23.440000000000012
2025-10-02,61.28,65.44,1.862,2.298,1.998,23.028000000000006
2025-10-03,61.65,66.13,1.868,2.289,2.037,22.70000000000001
2025-10-06,62.49,67.09,1.91,2.303,2.118,23.231999999999992
2025-10-07,62.52,67.1,1.912,2.327,2.142,23.593999999999987
2025-10-08,63.37,67.42,1.913,2.338,2.193,22.92600000000001
2025-10-09,62.36,67.23,1.884,2.325,2.18,22.942000000000007
2025-10-10,59.75,64.41,1.827,2.251,2.106,22.92
2025-10-14,59.52,63.0,1.836,2.25,2.105,23.387999999999998
2025-10-15,59.08,62.33,1.854,2.24,2.095,24.192000000000007
2025-10-16,58.29,61.08,1.826,2.206,2.061,23.722
2025-10-17,58.3,61.23,1.841,2.229,2.084,24.454000000000008
2025-10-20,58.34,60.71,1.837,2.238,2.093,24.427999999999983
2025-10-21,58.66,61.0,1.84,2.262,2.097,24.528000000000006
2025-10-22,59.3,62.28,1.888,2.331,2.163,26.197999999999993
2025-10-23,62.44,66.32,1.931,2.438,2.265,25.760000000000005
2025-10-24,62.27,65.8,1.925,2.447,2.277,25.888000000000012
2025-10-27,62.13,65.52,1.936,2.493,2.322,26.979999999999997
2025-10-28,60.97,64.03,1.926,2.418,2.25,26.810000000000016
2025-10-29,61.26,65.01,1.98,2.471,2.256,28.773999999999994
2025-10-30,61.36,65.11,1.998,2.475,2.256,29.233999999999995
2025-10-31,61.75,65.44,1.904,2.447,2.245,25.819999999999993
2025-11-03,61.79,65.79,1.923,2.456,2.254,26.43800000000001
2025-11-04,61.38,65.04,1.925,2.488,2.286,27.35200000000001
2025-11-05,60.4,63.54,1.919,2.48,2.278,28.052
2025-11-06,60.24,63.41,1.968,2.551,2.311,30.577999999999996
2025-11-07,60.54,63.72,1.952,2.533,2.293,29.577999999999996
2025-11-10,60.94,63.01,1.973,2.55,2.31,30.004000000000005
2025-11-12,59.3,61.88,1.963,2.529,2.289,31.070000000000007
2025-11-13,59.54,62.14,1.966,2.521,2.281,30.802
2025-11-14,60.87,63.45,2.017,2.586,2.346,31.809999999999995
2025-11-17,60.66,63.16,1.991,2.591,2.351,31.36200000000001
2025-11-18,61.51,64.86,2.004,2.743,2.503,33.00400000000001
2025-11-19,60.27,63.78,1.943,2.702,2.462,31.96200000000001
2025-11-20,60.07,63.64,1.922,2.575,2.265,29.796
2025-11-21,58.86,62.78,1.885,2.491,2.127,28.793999999999997
2025-11-24,59.11,64.83,1.908,2.468,2.123,28.866
2025-11-25,58.25,63.99,1.862,2.406,2.068,27.570000000000007
2025-11-26,58.81,64.81,1.902,2.376,2.048,27.709999999999994
2025-11-28,58.58,64.07,1.879,2.375,2.05,27.28200000000001
2025-12-01,59.47,64.22,1.878,2.394,2.089,26.62999999999998
2025-12-02,58.81,63.37,1.837,2.356,2.051,25.61
2025-12-03,59.09,63.75,1.837,2.35,2.03,25.245999999999995
2025-12-04,59.82,64.15,1.84,2.37,2.05,24.880000000000003
2025-12-05,60.23,64.42,1.844,2.418,2.098,25.253999999999998
2025-12-08,59.04,63.3,1.804,2.348,2.028,24.344
2025-12-09,58.4,62.62,1.803,2.316,1.996,24.508000000000003
2025-12-10,58.67,63.12,1.8,2.333,2.013,24.39200000000001
2025-12-11,57.76,61.87,1.774,2.292,1.972,23.999999999999993
2025-12-12,57.61,62.11,1.761,2.252,1.939,23.226
2025-12-15,56.97,61.55,1.734,2.229,1.916,22.787999999999997
2025-12-16,55.44,59.93,1.689,2.179,1.867,22.358000000000004
2025-12-17,56.07,60.61,1.72,2.225,1.915,23.240000000000002
2025-12-18,56.22,60.69,1.706,2.183,1.861,22.11
2025-12-19,56.8,61.35,1.72,2.176,1.853,21.824000000000012
2025-12-22,58.18,62.22,1.75,2.206,1.949,21.704
2025-12-23,58.55,63.7,1.756,2.245,1.995,22.048000000000002
2025-12-24,58.72,63.7,1.758,2.212,1.962,21.47200000000001
2025-12-26,56.6,63.7,1.743,2.142,1.892,22.192
2025-12-29,57.89,63.1,1.754,2.159,1.909,21.448000000000008
2025-12-30,57.79,62.3,1.765,2.183,1.933,22.191999999999986
2025-12-31,57.26,61.35,1.747,2.154,1.911,21.812000000000005
2026-01-02,57.21,61.98,1.963,2.12,1.877,27.434000000000005
2026-01-05,58.1,63.0,1.986,2.15,1.88,27.60800000000001
2026-01-06,56.97,62.1,1.959,2.105,1.835,27.352000000000004
2026-01-07,56.01,61.08,1.964,2.091,1.821,28.256000000000007
2026-01-08,57.74,63.34,2.034,2.167,1.922,29.550000000000004
2026-01-09,58.96,65.11,2.032,2.154,1.909,28.091999999999977
2026-01-12,59.39,65.4,2.057,2.181,1.953,28.739999999999995
2026-01-13,60.85,67.58,2.085,2.248,2.021,29.00199999999999
2026-01-14,61.84,68.87,2.064,2.237,2.037,27.27000000000001
2026-01-15,59.13,66.16,2.047,2.217,2.017,29.223999999999997
2026-01-16,59.4,66.97,2.051,2.239,2.047,29.374000000000002
2026-01-20,60.3,67.68,2.066,2.281,2.071,29.482
2026-01-21,60.38,66.72,2.106,2.334,2.124,31.264000000000003
2026-01-22,59.24,65.46,2.069,2.291,2.081,30.765999999999984
2026-01-23,60.7,68.16,2.097,2.335,2.105,30.70599999999999
2026-01-26,60.46,67.7,2.072,2.317,2.064,29.994000000000007
2026-01-27,62.04,70.28,2.114,2.368,2.143,30.303999999999995
2026-01-28,62.75,70.9,2.143,2.394,2.189,30.769999999999982
2026-01-29,64.77,71.0,2.166,2.453,2.248,30.22
2026-01-30,64.5,72.25,2.188,2.482,2.277,31.512
2026-02-02,61.6,67.72,2.103,2.287,2.082,29.302
2026-02-03,62.62,70.01,2.157,2.355,2.15,30.745999999999988
2026-02-04,64.56,71.15,2.181,2.372,2.167,29.715999999999994
2026-02-05,62.9,69.87,2.158,2.34,2.095,30.284000000000013
2026-02-06,63.77,70.45,2.179,2.351,2.106,30.155999999999985
2026-02-09,64.53,71.19,2.215,2.375,2.165,30.739999999999995
2026-02-10,64.2,71.01,2.2,2.358,2.143,30.412000000000006
2026-02-11,64.8,71.52,2.223,2.391,2.176,30.918000000000006
2026-02-12,63.08,69.8,2.159,2.325,2.11,29.921999999999997
2026-02-13,63.05,69.96,1.914,2.434,2.177,24.61800000000001
2026-02-17,62.53,69.77,1.92,2.44,2.183,25.39
2026-02-18,65.33,71.78,1.977,2.569,2.311,25.992000000000004
2026-02-19,66.66,73.17,2.015,2.657,2.399,26.958000000000013
2026-02-20,66.69,72.75,2.004,2.633,2.376,26.284000000000006
2026-02-23,66.36,71.9,2.003,2.743,2.485,28.12599999999999
2026-02-24,65.62,71.21,2.005,2.778,2.52,29.411999999999992
2026-02-25,65.3,70.69,2.002,2.727,2.47,28.933999999999997
2026-02-26,65.1,71.66,2.048,2.701,2.444,30.05800000000002
2026-02-27,66.96,71.32,2.076,2.686,2.428,28.77200000000002
2026-03-02,71.13,77.24,2.393,2.995,2.738,37.80399999999999
2026-03-03,74.48,83.28,2.456,3.224,2.966,39.42399999999999
2026-03-04,74.58,81.56,2.543,3.383,3.126,43.98600000000002
2026-03-05,80.88,88.59,2.626,3.521,3.263,41.94200000000001
2026-03-06,90.77,95.74,2.769,3.682,3.424,38.31000000000002
2026-03-09,94.65,94.35,2.644,3.358,3.1,26.39399999999999
2026-03-10,83.71,89.84,2.715,3.456,3.199,40.694
2026-03-11,86.8,90.98,2.819,3.801,3.544,45.34599999999999
2026-03-12,95.61,102.38,2.982,4.01,3.753,44.025999999999996
2026-03-13,98.48,103.23,3.061,4.049,3.792,43.914
2026-03-16,93.39,101.04,3.012,3.897,3.639,45.504000000000005
2026-03-17,96.01,108.39,3.138,4.063,3.806,48.735999999999976
2026-03-18,96.12,118.09,3.198,4.428,4.171,55.416
2026-03-19,96.11,111.05,3.11,4.377,4.12,52.248000000000005
2026-03-20,98.71,118.42,3.303,4.712,4.454,59.742000000000004
2026-03-23,89.33,103.79,2.998,4.187,3.929,53.23200000000001
2026-03-24,93.18,108.42,3.057,4.175,3.917,50.866000000000014
2026-03-25,91.51,109.14,3.027,4.076,3.819,50.30999999999999
2026-03-26,96.18,113.39,3.104,4.29,4.032,50.792
2026-03-27,101.26,121.47,3.276,4.605,4.348,54.938
2026-03-30,104.69,121.88,3.404,4.494,4.237,53.53799999999998
2026-03-31,102.86,126.69,3.318,4.223,3.965,49.16599999999998
2026-04-01,101.9,119.56,3.083,4.096,3.839,41.768
2026-04-02,113.23,127.61,3.283,4.509,4.252,41.81999999999998
2026-04-06,114.01,127.61,3.305,4.394,4.136,40.04600000000001
2026-04-07,114.58,138.21,3.239,4.358,4.1,37.12399999999998
2026-04-08,96.17,122.11,3.022,3.928,3.825,43.437999999999974
2026-04-09,99.62,119.03,3.02,3.981,3.878,40.67400000000001
2026-04-10,98.34,119.07,3.003,3.775,3.685,38.593999999999994
2026-04-13,100.72,123.28,3.08,3.838,3.748,39.25200000000001
2026-04-14,93.07,118.69,3.045,3.696,3.659,43.934
2026-04-15,93.04,114.93,3.083,3.79,3.78,46.34400000000001
2026-04-16,96.46,116.63,3.185,3.854,3.864,46.676
2026-04-17,85.91,98.63,3.034,3.483,3.493,47.804
2026-04-20,91.06,103.4,3.133,3.598,3.608,47.036
2026-04-21,93.64,106.14,3.244,3.847,3.862,51.050000000000026
2026-04-22,94.76,113.44,3.382,3.972,3.96,55.544
2026-04-23,99.27,113.25,3.523,4.08,4.075,56.494000000000014
2026-04-24,98.42,111.86,3.534,4.029,4.024,56.937999999999974
2026-04-27,99.89,113.89,3.521,4.014,4.027,54.89400000000002
2026-04-28,103.45,117.62,3.586,4.035,4.047,53.44799999999999
2026-04-29,110.47,124.16,3.788,4.264,4.344,55.29000000000002
2026-04-30,108.64,124.24,3.843,4.217,4.287,58.001999999999995
2026-05-01,105.38,118.26,3.63,4.016,4.094,52.48400000000001
2026-05-04,109.76,118.26,3.748,4.091,4.163,52.457999999999984
2026-05-05,105.66,114.51,3.67,4.114,4.182,54.696
2026-05-06,98.75,103.7,3.511,3.843,3.913,53.360000000000014
2026-05-07,98.38,101.82,3.536,3.926,3.996,55.59200000000001
2026-05-08,98.87,103.48,3.548,3.927,3.992,55.452
2026-05-11,101.56,106.11,3.645,4.051,4.111,57.214
2026-05-12,105.78,111.37,3.747,4.205,4.265,58.006
2026-05-13,104.52,110.28,3.683,4.04,4.117,55.164
2026-05-14,104.66,110.91,3.678,4.005,4.075,54.394000000000005
2026-05-15,108.99,113.96,3.794,4.163,4.193,55.524000000000015
2026-05-18,112.25,116.73,3.769,4.151,4.191,51.39599999999999
2026-05-19,112.09,114.64,3.786,4.288,4.328,53.94999999999999
2026-05-20,101.69,108.93,3.563,4.036,4.059,54.578
2026-05-21,100.2,105.84,3.519,3.974,3.999,53.968
2026-05-22,100.35,106.9,3.48,3.957,3.987,52.488
2026-05-26,97.63,102.75,3.257,3.777,3.392,46.44400000000002
2026-05-27,92.35,97.11,3.195,3.671,3.253,48.50400000000002
2026-05-28,92.65,95.47,3.323,3.62,3.304,51.07400000000001
2026-05-29,91.16,92.88,3.194,3.525,3.237,47.622000000000014
2026-06-01,95.96,98.29,3.187,3.656,3.359,44.459999999999994
2026-06-02,97.47,98.49,3.243,3.688,3.369,44.96600000000001
2026-06-03,99.76,101.69,3.234,3.851,3.538,44.706
2026-06-04,96.83,98.98,3.132,3.666,3.341,42.19000000000001
2026-06-05,94.32,97.29,3.13,3.597,3.25,43.678000000000026
2026-06-08,95.0,97.46,3.154,3.587,3.29,43.53
2026-06-09,91.9,94.15,3.083,3.526,3.212,43.78800000000001
2026-06-10,93.68,95.73,3.129,3.644,3.28,44.94800000000001
2026-06-11,91.58,92.84,3.033,3.47,3.171,41.92399999999999
2026-06-12,88.62,88.64,3.02,3.407,2.974,43.638000000000005
2026-06-15,84.65,84.36,2.945,3.278,2.847,43.702
2026-06-16,79.8,80.5,2.88,3.207,2.74,45.738
2026-06-17,80.65,80.33,2.887,3.172,2.815,44.59400000000001
2026-06-18,80.35,79.35,2.96,3.128,2.952,46.32199999999999
2026-06-22,78.94,76.49,2.966,3.094,2.698,47.42399999999999
2026-06-23,74.62,75.69,2.935,3.173,2.765,51.981999999999985
2026-06-24,71.42,72.09,2.843,3.158,2.794,52.39599999999999
2026-06-25,72.67,73.74,3.02,3.299,2.898,58.07600000000001
2026-06-26,70.3,70.16,2.963,3.219,2.786,57.730000000000004
2026-06-29,71.87,71.59,3.049,3.316,2.928,59.92599999999999
2026-06-30,70.56,70.46,2.977,3.286,2.867,58.79999999999998
2026-07-01,69.74,69.24,2.945,3.22,2.755,57.80000000000001
2026-07-02,69.73,68.53,2.92,3.189,2.713,56.67599999999999
2026-07-06,69.6,69.56,3.006,3.306,2.828,60.852000000000004
2026-07-07,71.53,71.78,2.975,3.37,2.885,58.94999999999999
2026-07-08,74.56,76.5,3.113,3.718,3.187,64.656
2026-07-09,73.15,74.46,3.003,3.582,2.986,61.081999999999994
2026-07-10,72.45,74.34,2.966,3.573,2.969,60.62000000000002
2026-07-13,79.2,81.62,3.171,3.866,3.351,63.712
2026-07-14,80.44,83.69,3.237,4.045,3.552,66.826
2026-07-15,80.73,83.08,3.394,3.993,3.516,70.204
2026-07-16,80.03,81.23,3.373,4.067,3.563,71.352
2026-07-17,83.43,85.01,3.479,4.088,3.501,71.214
2026-07-20,84.38,86.99,3.48,4.118,3.549,70.71200000000002
2026-07-21,86.04,93.85,3.331,4.139,3.589,65.17399999999999
2026-07-22,87.66,94.12,3.347,4.135,3.67,63.946
2026-07-23,93.08,105.32,3.421,4.36,3.864,63.748000000000005
2026-07-24,91.74,100.31,3.338,4.233,3.708,60.986000000000004
2026-07-27,84.25,91.82,3.242,4.103,3.582,63.96799999999999
2026-07-28,80.91,85.51,3.25,4.162,3.712,68.358
2026-07-29,86.08,91.95,3.397,4.425,3.825,70.986
2026-07-30,85.15,91.91,3.259,4.235,3.681,65.392
2026-07-31,86.16,96.95,3.226,4.161,3.88,62.422
2026-08-03,81.96,88.9,2.986,3.898,3.506,56.22000000000001
2026-08-04,77.33,86.47,2.854,3.757,3.322,55.18000000000002
2026-08-05,76.78,86.65,2.84,3.819,3.361,56.20599999999999
2026-08-06,78.88,89.65,2.965,3.965,3.519,59.650000000000006
2026-08-07,79.77,87.62,2.97,3.91,3.445,58.13000000000001
2026-08-10,83.76,92.74,3.147,4.212,3.713,63.32399999999997
2026-08-11,84.77,93.26,3.152,4.325,3.814,64.03600000000002
2026-08-12,84.97,92.52,3.158,4.345,3.822,64.28399999999999
2026-08-13,82.77,92.03,3.13,4.305,3.734,65.14
2026-08-14,83.99,92.02,3.192,4.332,3.766,66.034
2026-08-17,86.04,92.43,3.324,4.532,3.912,70.48
2026-08-18,86.48,95.29,3.361,4.55,3.96,71.32799999999999
2026-08-19,87.28,92.37,3.282,4.522,3.895,67.92399999999998
2026-08-20,89.75,94.0,3.336,4.568,3.926,67.60999999999999
2026-08-21,87.21,96.92,3.379,4.473,3.918,70.02400000000002
2026-08-24,86.34,92.71,3.326,4.268,3.734,66.53999999999999
2026-08-25,83.9,88.24,3.254,4.186,3.619,65.816
2026-08-26,83.46,87.77,3.325,4.231,3.675,68.87400000000001
2026-08-27,84.81,90.18,3.42,4.273,3.74,70.77199999999999
2026-08-28,84.57,89.75,3.527,4.351,3.805,75.1
2026-08-31,87.03,89.75,3.55,4.491,4.021,75.244
2026-09-01,91.48,96.02,3.203,4.724,4.19,64.33999999999999
2026-09-02,92.15,97.59,3.135,4.666,4.118,60.95400000000001
2026-09-03,92.55,100.52,3.197,4.592,4.063,61.254000000000005
2026-09-04,92.69,102.24,3.245,4.549,4.017,61.85600000000002
2026-09-08,94.21,106.12,3.311,4.644,4.126,63.514000000000024
2026-09-09,97.26,109.51,3.289,4.85,4.341,62.731999999999985
2026-09-10,103.57,120.98,3.469,5.17,4.682,65.94200000000001
2026-09-11,101.27,118.06,3.376,5.048,4.521,63.93000000000002
2026-09-14,102.42,121.25,3.414,5.078,4.488,64.264
2026-09-15,107.02,130.8,3.535,5.338,4.705,66.692
2026-09-16,103.62,127.84,3.609,5.365,4.68,72.542
2026-09-17,103.21,121.18,3.561,5.174,4.514,68.93400000000001
2026-09-18,101.44,119.66,3.593,5.16,4.532,71.40400000000002
2026-09-21,96.97,116.15,3.526,4.977,4.397,71.43599999999998
2026-09-22,96.41,114.89,3.551,5.007,4.354,73.11599999999999
